"id","mjd","mag","magerr","limiting_mag","filter","instrument_name","instrument_id","magsys","origin","altdata","ra","dec","ra_unc","dec_unc","created_at","UTC","owner","streams","flux","fluxerr","snr"
203092316,59676.47087959992,,,19.20359992980957,ztfg,ZTF,1,ab,None,,,,,,2022-04-18T10:54:18.868191,2022-04-07T11:18:03Z,kowalski-bot,ZTF Public,,75.6066556449993,
203164265,59676.47087959992,,,19.20359992980957,ztfg,ZTF,1,ab,None,,,,,,2022-04-18T12:34:46.640781,2022-04-07T11:18:03Z,ampelbot-jvs,,,75.6066556449993,
203092317,59676.48960650014,,,19.081300735473633,ztfr,ZTF,1,ab,None,,,,,,2022-04-18T10:54:18.868246,2022-04-07T11:45:02Z,kowalski-bot,ZTF Public,,84.62130251118832,
203164266,59676.48960650014,,,19.081300735473633,ztfr,ZTF,1,ab,None,,,,,,2022-04-18T12:34:46.640857,2022-04-07T11:45:02Z,ampelbot-jvs,,,84.62130251118832,
203092318,59683.47164350003,,,19.282800674438477,ztfg,ZTF,1,ab,None,,,,,,2022-04-18T10:54:18.868263,2022-04-14T11:19:09Z,kowalski-bot,ZTF Public,,70.2877644044814,
203164267,59683.47164350003,,,19.282800674438477,ztfg,ZTF,1,ab,None,,,,,,2022-04-18T12:34:46.640879,2022-04-14T11:19:09Z,ampelbot-jvs,,,70.2877644044814,
203092319,59687.4445369998,18.369415534181634,0.14362354576587677,18.81823721240123,ztfg,ZTF,1,ab,None,,332.9072074,46.3111428,,,2022-04-18T10:54:18.868278,2022-04-18T10:40:07Z,kowalski-bot,ZTF Public,163.01733398437514,21.56428737066191,7.559597550446267
203134470,59687.4445369998,18.36940008693426,0.1436239928007126,18.818218385755664,ztfg,ZTF,1,ab,None,,332.9072074,46.3111428,,,2022-04-18T11:50:47.526071,2022-04-18T10:40:07Z,kowalski-bot,ZTF Public,163.01965332031236,21.564661298245152,7.559574020927389
203164268,59687.4445369998,18.369400024414062,0.1436239928007126,18.885900497436523,ztfg,ZTF,1,ab,None,,332.9072074,46.3111428,,,2022-04-18T12:34:46.640896,2022-04-18T10:40:07Z,ampelbot-jvs,,163.0196627075107,21.564662540008023,7.559574020927389
205775020,59687.48473379994,18.363501005828343,0.10235399752855301,19.180124772179433,ztfr,ZTF,1,ab,None,,332.9071726,46.3110948,,,2022-04-21T11:01:40.616418,2022-04-18T11:38:01Z,kowalski-bot,ZTF Public,163.9077911376953,15.451835883796095,10.607658039494245
203134471,59687.48473379994,18.363495042405418,0.10235442966222764,19.180114224839937,ztfr,ZTF,1,ab,None,,332.9071726,46.3110948,,,2022-04-18T11:50:47.526122,2022-04-18T11:38:01Z,kowalski-bot,ZTF Public,163.9086914062497,15.451985990746381,10.607613254659206
203164269,59687.48473379994,18.363494873046875,0.10235442966222764,19.430204391479492,ztfr,ZTF,1,ab,None,,332.9071726,46.3110948,,,2022-04-18T12:34:46.640912,2022-04-18T11:38:01Z,ampelbot-jvs,,163.90871697354618,15.451988401024346,10.607613254659206
204574227,59689.46664870018,17.96944900751224,0.1437584947239162,18.417251004891256,sdssr,SEDM,2,ab,SEDM_FPIPE_PS1,,,,,,2022-04-20T11:30:38.471021,2022-04-20T11:11:58Z,fremling,,235.6244734293888,31.19820401298145,7.552501205881799
205775021,59690.44829860004,17.633013253413466,0.07762967795133592,18.74982958129082,ztfg,ZTF,1,ab,None,,332.9071386,46.3110842,,,2022-04-21T11:01:40.616499,2022-04-21T10:45:32Z,kowalski-bot,ZTF Public,321.214172363281,22.966677029547316,13.986096985211635
205814159,59690.44829860004,17.633012771606445,0.07762967795133592,19.251680374145508,ztfg,ZTF,1,ab,None,,332.9071386,46.3110842,,,2022-04-21T11:34:51.215049,2022-04-21T10:45:32Z,ampelbot-jvs,,321.2143149055276,22.966687221257466,13.986096985211633
205853805,59690.44829860004,17.632999534219906,0.07762999832630159,18.74981138131116,ztfg,ZTF,1,ab,None,,332.9071386,46.3110842,,,2022-04-21T12:04:45.706167,2022-04-21T10:45:32Z,kowalski-bot,ZTF Public,321.2182312011717,22.96706201860476,13.986039265316773
207844337,59690.48140050005,17.703399833140416,0.05797100067138672,19.137258629614752,ztfr,ZTF,1,ab,None,,332.9071943,46.3111147,,,2022-04-27T11:16:29.959868,2022-04-21T11:33:13Z,kowalski-bot,ZTF Public,301.050994873047,16.074095484174165,18.728953997408333
205853806,59690.48140050005,17.703350306721507,0.05797089263796808,19.137211126550657,ztfr,ZTF,1,ab,None,,332.9071943,46.3111147,,,2022-04-21T12:04:45.706224,2022-04-21T11:33:13Z,kowalski-bot,ZTF Public,301.0647277832034,16.074798772402723,18.728988900319706
205876978,59690.48140050005,17.703350067138672,0.05797089263796807,19.689870834350586,ztfr,ZTF,1,ab,None,,332.9071943,46.3111147,,,2022-04-21T12:36:05.511754,2022-04-21T11:33:13Z,ampelbot-jvs,,301.0647942173414,16.07480231953163,18.728988900319706
207993546,59696.42581020016,17.062599230467605,0.04390599951148033,18.7981753489819,ztfg,ZTF,1,ab,None,,332.9071973,46.3111038,,,2022-04-27T14:09:08.054239,2022-04-27T10:13:10Z,kowalski-bot,ZTF Public,543.2006835937494,21.966448980870066,24.728652503953047
207844338,59696.42581020016,17.062557508783108,0.04390643164515495,18.798122941266517,ztfg,ZTF,1,ab,None,,332.9071973,46.3111038,,,2022-04-27T11:16:29.959928,2022-04-27T10:13:10Z,kowalski-bot,ZTF Public,543.2215576171877,21.967509311349666,24.728409120852337
207831036,59696.42581020016,17.062557220458984,0.04390643164515496,19.932777404785156,ztfg,ZTF,1,ab,None,,332.9071973,46.3111038,,,2022-04-27T10:39:41.300062,2022-04-27T10:13:10Z,ampelbot-jvs,,543.2217018731309,21.96751514496163,24.72840912085233
213063670,59696.47189809987,17.06510021210719,0.03495299816131592,19.048274915867765,ztfr,ZTF,1,ab,None,,332.9071935,46.3111194,,,2022-05-08T11:10:29.172113,2022-04-27T11:19:31Z,kowalski-bot,ZTF Public,541.9508666992188,17.446970603215053,31.062748887726695
207993547,59696.47189809987,17.065065608292286,0.03495250269770622,19.04825570262364,ztfr,ZTF,1,ab,None,,332.9071935,46.3111194,,,2022-04-27T14:09:08.054301,2022-04-27T11:19:31Z,kowalski-bot,ZTF Public,541.9681396484385,17.44727934844252,31.06318921275361
207900956,59696.47189809987,17.065065383911133,0.03495250269770623,20.437210083007812,ztfr,ZTF,1,ab,None,,332.9071935,46.3111194,,,2022-04-27T12:47:10.842861,2022-04-27T11:19:31Z,ampelbot-jvs,,541.9682516530382,17.447282954144402,31.063189212753606
209120783,59698.43516039988,16.948605475433304,0.022017839416074977,19.433554514687565,sdssr,SEDM,2,ab,SEDM_FPIPE_PS1,,,,,,2022-04-29T10:35:56.868091,2022-04-29T10:26:37Z,fremling,,603.3340136061198,12.23511877712032,49.3116597065126
211502541,59702.44491000008,16.763939997482026,0.01841868495069722,19.44267923807815,sdssr,SEDM,2,ab,SEDM_FPIPE_PS1,,,,,,2022-05-03T10:49:34.354258,2022-05-03T10:40:40Z,fremling,,715.1942283194305,12.13272350341044,58.94754200228773
213063671,59707.42828699993,16.720308782809717,0.0354708731174469,18.68751487493732,ztfr,ZTF,1,ab,None,,332.9071932,46.3110913,,,2022-05-08T11:10:29.172163,2022-05-08T10:16:43Z,kowalski-bot,ZTF Public,744.5202026367177,24.323386772375322,30.60923257127531
213089234,59707.42828699993,16.720308303833008,0.035470873117446906,19.993328094482422,ztfr,ZTF,1,ab,None,,332.9071932,46.3110913,,,2022-05-08T11:37:37.291552,2022-05-08T10:16:43Z,ampelbot-jvs,,744.520531084745,24.32339750273345,30.6092325712753
213186277,59707.42828699993,16.72030103916181,0.035470999777317054,18.68750325433492,ztfr,ZTF,1,ab,None,,332.9071932,46.3110913,,,2022-05-08T13:04:54.717680,2022-05-08T10:16:43Z,kowalski-bot,ZTF Public,744.5255126953138,24.3236471062559,30.609123271806805
213186278,59707.464548599906,16.742517519554088,0.03759280592203141,18.646641452130577,ztfr,ZTF,1,ab,None,,332.9072145,46.3110974,,,2022-05-08T13:04:54.717732,2022-05-08T11:08:56Z,kowalski-bot,ZTF Public,729.4457397460944,25.256514432100353,28.88148884150809
213089235,59707.464548599906,16.742517471313477,0.03759280592203141,20.012142181396484,ztfr,ZTF,1,ab,None,,332.9072145,46.3110974,,,2022-05-08T11:37:37.291611,2022-05-08T11:08:56Z,ampelbot-jvs,,729.4457721562777,25.256515554278767,28.88148884150809
215185245,59707.464548599906,16.742500803804045,0.03759299963712693,18.64661914161458,ztfr,ZTF,1,ab,None,,332.9072145,46.3110974,,,2022-05-14T09:47:44.854264,2022-05-08T11:08:56Z,kowalski-bot,ZTF Public,729.4569702148436,25.257033427097756,28.881340016449602
215268258,59710.38763889996,16.665639877319336,0.03899639472365381,19.409137725830078,ztfr,ZTF,1,ab,None,,332.9071994,46.3111346,,,2022-05-14T10:44:16.309749,2022-05-11T09:18:12Z,ampelbot-jvs,,782.9680654819848,28.121869385715982,27.841963659772915
215185246,59710.38763889996,16.665600080443184,0.038995999842882156,18.529935719613334,ztfr,ZTF,1,ab,None,,332.9071994,46.3111346,,,2022-05-14T09:47:44.854339,2022-05-11T09:18:12Z,kowalski-bot,ZTF Public,782.9967651367181,28.12261541656035,27.84224559269266
215268259,59710.46642359998,16.957820892333984,0.031189169734716415,20.237457275390625,ztfg,ZTF,1,ab,None,,332.9071942,46.3111053,,,2022-05-14T10:44:16.309810,2022-05-11T11:11:38Z,ampelbot-jvs,,598.2347589941418,17.185063330951568,34.8113211731188
215185247,59710.46642359998,16.957799988769832,0.031189000234007842,19.064682143774753,ztfg,ZTF,1,ab,None,,332.9071942,46.3111053,,,2022-05-14T09:47:44.854367,2022-05-11T11:11:38Z,kowalski-bot,ZTF Public,598.2462768554695,17.1853008005717,34.811510359805155
215287522,59713.39239579998,16.68160099388281,0.0423559993505478,18.456199450539536,ztfr,ZTF,1,ab,None,,332.9071768,46.311133,,,2022-05-14T11:20:06.794549,2022-05-14T09:25:02Z,kowalski-bot,ZTF Public,771.5420532226553,30.098871679883917,25.633587246338628
215185248,59713.39239579998,16.681599190185274,0.04235611110925675,18.45619478206916,ztfr,ZTF,1,ab,None,,332.9071768,46.311133,,,2022-05-14T09:47:44.854388,2022-05-14T09:25:02Z,kowalski-bot,ZTF Public,771.5433349609358,30.099001099896046,25.63351961084185
215268260,59713.39239579998,16.681598663330078,0.04235611110925675,19.822355270385742,ztfr,ZTF,1,ab,None,,332.9071768,46.311133,,,2022-05-14T10:44:16.309830,2022-05-14T09:25:02Z,ampelbot-jvs,,771.54370935364,30.099015705487083,25.63351961084185
217160475,59713.44811340002,16.999100038884066,0.05516299977898599,18.4868661399793,ztfg,ZTF,1,ab,None,,332.9071667,46.3111183,,,2022-05-19T09:52:33.501786,2022-05-14T10:45:16Z,kowalski-bot,ZTF Public,575.9171142578134,29.26062104891795,19.682327087145357
215287523,59713.44811340002,16.999082664161904,0.05516309291124344,18.48684693219913,ztfg,ZTF,1,ab,None,,332.9071667,46.3111183,,,2022-05-14T11:20:06.794604,2022-05-14T10:45:16Z,kowalski-bot,ZTF Public,575.9263305664066,29.261138703708973,19.682293857327075
215305013,59713.44811340002,16.999082565307617,0.055163092911243446,19.68912696838379,ztfg,ZTF,1,ab,None,,332.9071667,46.3111183,,,2022-05-14T11:40:25.818459,2022-05-14T10:45:16Z,ampelbot-jvs,,575.9263830034434,29.261141367882026,19.68229385732707
217282846,59718.40209490014,16.718201167734115,0.03356099873781205,18.74549976565713,ztfr,ZTF,1,ab,None,,332.9071834,46.3111281,,,2022-05-19T11:42:32.867522,2022-05-19T09:39:00Z,kowalski-bot,ZTF Public,745.966857910157,23.05844888201878,32.351129155607246
217160476,59718.40209490014,16.718182068344515,0.03356102854013444,18.745479702129174,ztfr,ZTF,1,ab,None,,332.9071834,46.3111281,,,2022-05-19T09:52:33.501848,2022-05-19T09:39:00Z,kowalski-bot,ZTF Public,745.9799804687503,23.05887498746339,32.351100427680166
217170841,59718.40209490014,16.718181610107422,0.03356102854013444,20.119892120361328,ztfr,ZTF,1,ab,None,,332.9071834,46.3111281,,,2022-05-19T10:01:25.444522,2022-05-19T09:39:00Z,ampelbot-jvs,,745.9802953111293,23.058884719508818,32.351100427680166
217282847,59718.45028939983,16.72172198833251,0.03756708279252052,18.626589097477723,ztfr,ZTF,1,ab,None,,332.9071832,46.3111128,,,2022-05-19T11:42:32.867604,2022-05-19T10:48:25Z,kowalski-bot,ZTF Public,743.5517578125016,25.72730864445024,28.901264725678825
217298716,59718.45028939983,16.721721649169922,0.03756708279252054,20.24350929260254,ztfr,ZTF,1,ab,None,,332.9071832,46.3111128,,,2022-05-19T11:57:50.114714,2022-05-19T10:48:25Z,ampelbot-jvs,,743.5519900834514,25.727316681155628,28.901264725678818
218600438,59718.45028939983,16.721701133588542,0.03756700083613396,18.62657061137956,ztfr,ZTF,1,ab,None,,332.9071832,46.3111128,,,2022-05-22T23:20:51.563805,2022-05-19T10:48:25Z,kowalski-bot,ZTF Public,743.5660400390635,25.727746689713733,28.90132777684531
218600970,59721.42097220011,16.79090691546307,0.0324467197060585,18.85486571177266,ztfr,ZTF,1,ab,None,,332.9071888,46.311116,,,2022-05-22T23:21:51.002070,2022-05-22T10:06:11Z,kowalski-bot,ZTF Public,697.6494140625005,20.8489271076897,33.46212543499117
218327637,59721.42097220011,16.79090690612793,0.03244671970605851,20.218168258666992,ztfr,ZTF,1,ab,None,,332.9071888,46.311116,,,2022-05-22T10:59:20.332944,2022-05-22T10:06:11Z,ampelbot-jvs,,697.6494200608769,20.84892728694839,33.46212543499116
218600439,59721.42097220011,16.790899791412635,0.032446999102830894,18.854849238552635,ztfr,ZTF,1,ab,None,,332.9071888,46.311116,,,2022-05-22T23:20:51.563857,2022-05-22T10:06:11Z,kowalski-bot,ZTF Public,697.6539916992182,20.8492434382749,33.46183729710162
220892116,59721.46125000017,16.77790123880431,0.04445400089025498,18.50000989323714,ztfr,ZTF,1,ab,None,,332.9071755,46.3111299,,,2022-05-26T11:30:47.557153,2022-05-22T11:04:12Z,kowalski-bot,ZTF Public,706.0565795898435,28.908531998939296,24.423812998036357
218600440,59721.46125000017,16.777858910297123,0.04445439949631692,18.499957829293685,ztfr,ZTF,1,ab,None,,332.9071755,46.3111299,,,2022-05-22T23:20:51.563873,2022-05-22T11:04:12Z,kowalski-bot,ZTF Public,706.0841064453126,28.909918273299493,24.42359399879158
218343988,59721.46125000017,16.77785873413086,0.04445439949631692,20.54634666442871,ztfr,ZTF,1,ab,None,,332.9071755,46.3111299,,,2022-05-22T11:58:21.491599,2022-05-22T11:04:12Z,ampelbot-jvs,,706.084221011087,28.909922964082284,24.42359399879158
227263432,59723.43600580003,16.80200934675014,0.011551351245979264,19.98731316134304,sdssr,SEDM,2,ab,SEDM_FPIPE_PS1,,,,,,2022-06-08T07:03:52.633187,2022-05-24T10:27:50Z,fremling,,690.5517994580716,7.346910192481073,93.99213837740818
227263919,59723.46204659995,16.78872228436419,0.011696368048535272,19.960480509122497,sdssr,SEDM,2,ab,SEDM_FPIPE_PS1,,,,,,2022-06-08T07:05:32.229833,2022-05-24T11:05:20Z,fremling,,699.0545813312323,7.530742397124254,92.8267818054935
220962337,59725.43476849981,16.86700063950444,0.03578199818730355,18.82472495515769,ztfr,ZTF,1,ab,None,,332.9071943,46.3111138,,,2022-05-26T12:31:47.721983,2022-05-26T10:26:03Z,kowalski-bot,ZTF Public,650.4287719726578,21.43581565918253,30.34308478455456
220892117,59725.43476849981,16.866985662706316,0.03578238934278488,18.824698109560504,ztfr,ZTF,1,ab,None,,332.9071943,46.3111138,,,2022-05-26T11:30:47.557202,2022-05-26T10:26:03Z,kowalski-bot,ZTF Public,650.4377441406259,21.436345681470016,30.342753088875433
220857701,59725.43476849981,16.866985321044922,0.03578238934278489,20.720428466796875,ztfr,ZTF,1,ab,None,,332.9071943,46.3111138,,,2022-05-26T10:59:51.286588,2022-05-26T10:26:03Z,ampelbot-jvs,,650.4379488215611,21.436352427098363,30.342753088875426
220962338,59725.452604200225,17.387804528994767,0.04237185791134835,19.16199654993191,ztfg,ZTF,1,ab,None,,332.9071868,46.3111192,,,2022-05-26T12:31:47.722041,2022-05-26T10:51:45Z,kowalski-bot,ZTF Public,402.6040954589849,15.711996572054355,25.623993336089693
220932696,59725.452604200225,17.38780403137207,0.04237185791134835,20.697525024414062,ztfg,ZTF,1,ab,None,,332.9071868,46.3111192,,,2022-05-26T12:04:02.694069,2022-05-26T10:51:45Z,ampelbot-jvs,,402.60427998353197,15.712003773295187,25.623993336089693
222055135,59725.452604200225,17.387800331738045,0.04237199947237969,19.161988725322324,ztfg,ZTF,1,ab,None,,332.9071868,46.3111192,,,2022-05-28T19:47:50.832109,2022-05-26T10:51:45Z,kowalski-bot,ZTF Public,402.6056518554691,15.712109804607017,25.62390772863739
222055136,59727.40687499987,16.929435860516435,0.03137068077921868,19.03001179090538,ztfr,ZTF,1,ab,None,,332.9071809,46.3111146,,,2022-05-28T19:47:50.832179,2022-05-28T09:45:53Z,kowalski-bot,ZTF Public,614.0809936523434,17.742927554621403,34.60990255198315
221779522,59727.40687499987,16.92943572998047,0.03137068077921868,20.23417091369629,ztfr,ZTF,1,ab,None,,332.9071809,46.3111146,,,2022-05-28T16:04:31.640747,2022-05-28T09:45:53Z,ampelbot-jvs,,614.0810674821194,17.74292968781943,34.609902551983154
222057590,59727.40687499987,16.92939949402925,0.03137100115418434,19.029964336328476,ztfr,ZTF,1,ab,None,,332.9071809,46.3111146,,,2022-05-28T19:50:14.278175,2022-05-28T09:45:53Z,kowalski-bot,ZTF Public,614.1015625000008,17.74370306668148,34.60954909987982
222057591,59727.454988399986,17.497719076836326,0.03870216757059097,19.37026664345892,ztfg,ZTF,1,ab,None,,332.9072129,46.3111037,,,2022-05-28T19:50:14.278245,2022-05-28T10:55:10Z,kowalski-bot,ZTF Public,363.8416137695316,12.969503129353225,28.053627817558187
221779523,59727.454988399986,17.497718811035156,0.03870216757059098,20.505205154418945,ztfg,ZTF,1,ab,None,,332.9072129,46.3111037,,,2022-05-28T16:04:31.640909,2022-05-28T10:55:10Z,ampelbot-jvs,,363.8417028423079,12.969506304442627,28.05362781755818
223454458,59727.454988399986,17.497700043956947,0.03870199993252754,19.370252313445565,ztfg,ZTF,1,ab,None,,332.9072129,46.3111037,,,2022-06-01T10:52:55.137798,2022-05-28T10:55:10Z,kowalski-bot,ZTF Public,363.84799194335966,12.96967430756274,28.053749332101305
223560142,59731.41307870019,17.648899062165214,0.04879999905824662,19.269735317202606,ztfg,ZTF,1,ab,None,,332.9072012,46.3111076,,,2022-06-01T12:22:10.070482,2022-06-01T09:54:49Z,kowalski-bot,ZTF Public,316.54858398437466,14.227738314914216,22.248693149813757
223454459,59731.41307870019,17.648855623805346,0.04880042746663094,19.269682347357893,ztfg,ZTF,1,ab,None,,332.9072012,46.3111076,,,2022-06-01T10:52:55.137851,2022-06-01T09:54:49Z,kowalski-bot,ZTF Public,316.5612487792975,14.228432460941708,22.248497833354858
223472192,59731.41307870019,17.648855209350586,0.04880042746663095,20.501060485839844,ztfg,ZTF,1,ab,None,,332.9072012,46.3111076,,,2022-06-01T11:05:24.412513,2022-06-01T09:54:49Z,ampelbot-jvs,,316.5613696192778,14.22843789231875,22.248497833354854
224768125,59731.44873839989,17.03870017302345,0.03646299988031387,18.975954972061274,ztfr,ZTF,1,ab,None,,332.9071856,46.3111154,,,2022-06-03T13:37:29.571286,2022-06-01T10:46:10Z,kowalski-bot,ZTF Public,555.2901000976566,18.648676137599097,29.77638176567888
223560143,59731.44873839989,17.038664371744265,0.03646337613463402,18.975907967347613,ztfr,ZTF,1,ab,None,,332.9071856,46.3111154,,,2022-06-01T12:22:10.070538,2022-06-01T10:46:10Z,kowalski-bot,ZTF Public,555.3084106445318,18.649483511115054,29.776074512388995
223522797,59731.44873839989,17.038663864135742,0.03646337613463403,20.69951629638672,ztfr,ZTF,1,ab,None,,332.9071856,46.3111154,,,2022-06-01T12:00:26.682403,2022-06-01T10:46:10Z,ampelbot-jvs,,555.3086702650052,18.649492230211766,29.776074512388995
224768126,59733.43085649982,17.090101329786417,0.03786735981702805,18.986324552990656,ztfr,ZTF,1,ab,None,,332.9071798,46.3111162,,,2022-06-03T13:37:29.571338,2022-06-03T10:20:26Z,kowalski-bot,ZTF Public,529.6140136718747,18.471415369556535,28.672086197831504
224705327,59733.43085649982,17.09010124206543,0.03786735981702805,20.747900009155273,ztfr,ZTF,1,ab,None,,332.9071798,46.3111162,,,2022-06-03T12:02:33.967580,2022-06-03T10:20:26Z,ampelbot-jvs,,529.6140564615195,18.471416861936422,28.672086197831508
225738556,59733.43085649982,17.090099578034515,0.037866998463869095,18.98633316203711,ztfr,ZTF,1,ab,None,,332.9071798,46.3111162,,,2022-06-05T11:37:34.534238,2022-06-03T10:20:26Z,kowalski-bot,ZTF Public,529.6148681640625,18.471268906132174,28.672359806761225
227516870,59735.41482640011,17.167801381956345,0.03116000071167946,19.27569352374872,ztfr,ZTF,1,ab,None,,332.9071829,46.3111002,,,2022-06-08T11:41:52.827022,2022-06-05T09:57:21Z,kowalski-bot,ZTF Public,493.0369262695308,14.14987444106211,34.84390821439139
225738557,59735.41482640011,17.167784110673086,0.031160015612840656,19.275675733250896,ztfr,ZTF,1,ab,None,,332.9071829,46.3111002,,,2022-06-05T11:37:34.534291,2022-06-05T09:57:21Z,kowalski-bot,ZTF Public,493.04476928710983,14.150106297908945,34.84389155154052
225722346,59735.41482640011,17.167783737182617,0.03116001561284066,20.588321685791016,ztfr,ZTF,1,ab,None,,332.9071829,46.3111002,,,2022-06-05T11:04:10.574341,2022-06-05T09:57:21Z,ampelbot-jvs,,493.04493889327455,14.150111165510042,34.84389155154052
227516871,59735.45393519988,,,20.639999389648438,ztfg,ZTF,1,ab,None,,,,,,2022-06-08T11:41:52.827095,2022-06-05T10:53:40Z,kowalski-bot,ZTF Public,,20.13725381886981,
227481535,59735.45393519988,,,20.639999389648438,ztfg,ZTF,1,ab,None,,,,,,2022-06-08T11:07:24.189542,2022-06-05T10:53:40Z,ampelbot-jvs,,,20.13725381886981,
227516872,59738.40707179997,,,20.82229995727539,ztfg,ZTF,1,ab,None,,,,,,2022-06-08T11:41:52.827121,2022-06-08T09:46:11Z,kowalski-bot,ZTF Public,,17.024721534539296,
227481536,59738.40707179997,,,20.82229995727539,ztfg,ZTF,1,ab,None,,,,,,2022-06-08T11:07:24.189605,2022-06-08T09:46:11Z,ampelbot-jvs,,,17.024721534539296,
227516873,59738.43483800022,17.266243248891413,0.03981313109397888,19.108063203205884,ztfr,ZTF,1,ab,None,,332.9071858,46.3111217,,,2022-06-08T11:41:52.827143,2022-06-08T10:26:10Z,kowalski-bot,ZTF Public,450.30078125000045,16.512191411744617,27.270806764613646
227481537,59738.43483800022,17.26624298095703,0.03981313109397889,20.79802703857422,ztfr,ZTF,1,ab,None,,332.9071858,46.3111217,,,2022-06-08T11:07:24.189625,2022-06-08T10:26:10Z,ampelbot-jvs,,450.3008923737482,16.512195486568977,27.270806764613646
228540157,59738.43483800022,17.266199100579193,0.039813000708818436,19.108022610608,ztfr,ZTF,1,ab,None,,332.9071858,46.3111217,,,2022-06-10T11:08:09.196510,2022-06-08T10:26:10Z,kowalski-bot,ZTF Public,450.3190917968748,16.51280876729851,27.270896074850317
228540158,59740.43334490014,,,20.89419937133789,ztfg,ZTF,1,ab,None,,,,,,2022-06-10T11:08:09.196567,2022-06-10T10:24:00Z,kowalski-bot,ZTF Public,,15.933832647186271,
228578401,59740.43334490014,,,20.89419937133789,ztfg,ZTF,1,ab,None,,,,,,2022-06-10T12:03:16.343559,2022-06-10T10:24:00Z,ampelbot-jvs,,,15.933832647186271,
229056095,59740.45023149997,17.37570002235749,0.045623999089002616,19.069602436685695,ztfr,ZTF,1,ab,None,,332.9071773,46.3111269,,,2022-06-12T10:01:07.940065,2022-06-10T10:48:20Z,kowalski-bot,ZTF Public,407.11770629882795,17.107597388660707,23.797479976275017
228540159,59740.45023149997,17.37566006213533,0.04562363028526306,19.069571253098616,ztfr,ZTF,1,ab,None,,332.9071773,46.3111269,,,2022-06-10T11:08:09.196584,2022-06-10T10:48:20Z,kowalski-bot,ZTF Public,407.13269042968693,17.10808874550374,23.797672345877178
228578402,59740.45023149997,17.375659942626953,0.04562363028526307,20.783470153808594,ztfr,ZTF,1,ab,None,,332.9071773,46.3111269,,,2022-06-10T12:03:16.343628,2022-06-10T10:48:20Z,ampelbot-jvs,,407.13273524330765,17.10809062861315,23.797672345877174
229056096,59742.409016199876,17.401142232466086,0.04377026855945588,19.140079993296798,ztfr,ZTF,1,ab,None,,332.9072019,46.3111127,,,2022-06-12T10:01:07.940134,2022-06-12T09:48:58Z,kowalski-bot,ZTF Public,397.6885681152344,16.0323800138055,24.805335687701035
229063080,59742.409016199876,17.401142120361328,0.04377026855945587,19.737768173217773,ztfr,ZTF,1,ab,None,,332.9072019,46.3111127,,,2022-06-12T10:06:08.601992,2022-06-12T09:48:58Z,ampelbot-jvs,,397.68860917749487,16.032381669185654,24.80533568770104
229118984,59742.409016199876,17.401100574990274,0.04377000033855438,19.140044989150873,ztfr,ZTF,1,ab,None,,332.9072019,46.3111127,,,2022-06-12T11:00:45.572394,2022-06-12T09:48:58Z,kowalski-bot,ZTF Public,397.7038269042973,16.032896906227194,24.80548769385704
229567923,59742.45099540008,18.21190074559002,0.06402499973773958,19.537912571277655,ztfg,ZTF,1,ab,None,,332.9072451,46.3111133,,,2022-06-14T10:04:30.110088,2022-06-12T10:49:26Z,kowalski-bot,ZTF Public,188.46890258789057,11.113861162481799,16.958004048505156
229118985,59742.45099540008,18.21187033150865,0.06402494758367538,19.537883041625477,ztfg,ZTF,1,ab,None,,332.9072451,46.3111133,,,2022-06-12T11:00:45.572470,2022-06-12T10:49:26Z,kowalski-bot,ZTF Public,188.4741821289063,11.114163439329634,16.958017862320943
229122694,59742.45099540008,18.211870193481445,0.06402494758367538,20.232999801635742,ztfg,ZTF,1,ab,None,,332.9072451,46.3111133,,,2022-06-12T11:05:06.161948,2022-06-12T10:49:26Z,ampelbot-jvs,,188.47420608920712,11.114164852248347,16.958017862320947
229567924,59744.410717600025,17.515015179457404,0.049460768699646,19.121248814273088,ztfr,ZTF,1,ab,None,,332.9071744,46.3111233,,,2022-06-14T10:04:30.110143,2022-06-14T09:51:26Z,kowalski-bot,ZTF Public,358.09143066406244,16.31287355785112,21.95146240753634
229586029,59744.410717600025,17.5150146484375,0.04946076869964602,19.7426815032959,ztfr,ZTF,1,ab,None,,332.9071744,46.3111233,,,2022-06-14T10:33:48.575715,2022-06-14T09:51:26Z,ampelbot-jvs,,358.0916058021141,16.312881536274084,21.951462407536333
229608333,59744.410717600025,17.514999634604045,0.049460999667644515,19.121228199346227,ztfr,ZTF,1,ab,None,,332.9071744,46.3111233,,,2022-06-14T11:06:42.359375,2022-06-14T09:51:26Z,kowalski-bot,ZTF Public,358.0965576171871,16.313183294126233,21.951359900806377
231059005,59744.45246529998,18.274999994562165,0.0949470028281212,19.173182633634276,ztfg,ZTF,1,ab,None,,332.9071464,46.311099,,,2022-06-19T09:02:25.778885,2022-06-14T10:51:33Z,kowalski-bot,ZTF Public,177.82794189453102,15.550950615799284,11.435181442468433
229608334,59744.45246529998,18.27496366152295,0.09494736045598984,19.173142211063194,ztfg,ZTF,1,ab,None,,332.9071464,46.311099,,,2022-06-14T11:06:42.359431,2022-06-14T10:51:33Z,kowalski-bot,ZTF Public,177.8338928222657,15.551529597236728,11.4351383708175
229641058,59744.45246529998,18.27496337890625,0.09494736045598985,19.381547927856445,ztfg,ZTF,1,ab,None,,332.9071464,46.311099,,,2022-06-14T11:34:05.502729,2022-06-14T10:51:33Z,ampelbot-jvs,,177.83393911236294,15.551533645294194,11.435138370817498
231101919,59749.36311340006,17.66234588623047,0.04843144118785859,19.982145309448242,ztfr,ZTF,1,ab,None,,332.9071912,46.3111189,,,2022-06-19T09:35:54.543203,2022-06-19T08:42:52Z,ampelbot-jvs,,312.65231269128856,13.946483527027045,22.418003225357573
231059006,59749.36311340006,17.662345884351296,0.04843144118785859,19.291413191791555,ztfr,ZTF,1,ab,None,,332.9071912,46.3111189,,,2022-06-19T09:02:25.778955,2022-06-19T08:42:52Z,kowalski-bot,ZTF Public,312.6523132324215,13.946483551165365,22.418003225357573
231263349,59749.36311340006,17.662300632998868,0.04843100160360337,19.291377795085104,ztfr,ZTF,1,ab,None,,332.9071912,46.3111189,,,2022-06-19T11:38:09.009156,2022-06-19T08:42:52Z,kowalski-bot,ZTF Public,312.66534423828176,13.946938235857003,22.41820670248844
231263350,59749.42458330002,18.602642531940692,0.07793405652046205,19.715210115657975,ztfg,ZTF,1,ab,None,,332.907161,46.3111153,,,2022-06-19T11:38:09.009211,2022-06-19T10:11:23Z,kowalski-bot,ZTF Public,131.50521850585943,9.439433894584441,13.931473007221983
231258202,59749.42458330002,18.602642059326172,0.07793405652046205,19.98598861694336,ztfg,ZTF,1,ab,None,,332.907161,46.3111153,,,2022-06-19T11:30:54.467411,2022-06-19T10:11:23Z,ampelbot-jvs,,131.50527574931226,9.439438003514834,13.931473007221982
232312468,59749.42458330002,18.60260020350549,0.07793399691581727,19.715168617603588,ztfg,ZTF,1,ab,None,,332.907161,46.3111153,,,2022-06-21T11:21:20.244619,2022-06-19T10:11:23Z,kowalski-bot,ZTF Public,131.51034545898412,9.43979468722031,13.931483662141948
232333191,59751.42564810021,17.765600204431266,0.04774200171232224,19.41023443346966,ztfr,ZTF,1,ab,None,,332.90719,46.3111217,,,2022-06-21T11:43:54.588152,2022-06-21T10:12:55Z,kowalski-bot,ZTF Public,284.2889099121098,12.500754386137222,22.741740308678768
232312469,59751.42564810021,17.76559484311748,0.047741632908582694,19.41023745942714,ztfr,ZTF,1,ab,None,,332.90719,46.3111217,,,2022-06-21T11:21:20.244688,2022-06-21T10:12:55Z,kowalski-bot,ZTF Public,284.2903137207035,12.500719546460362,22.741915988444177
232322398,59751.42564810021,17.765594482421875,0.0477416329085827,20.663883209228516,ztfr,ZTF,1,ab,None,,332.90719,46.3111217,,,2022-06-21T11:31:57.822117,2022-06-21T10:12:55Z,ampelbot-jvs,,284.29040816563725,12.500723699361718,22.741915988444173
232333192,59751.44699069997,18.640808583067034,0.08819372951984406,19.619100101271556,ztfg,ZTF,1,ab,None,,332.9072286,46.3111103,,,2022-06-21T11:43:54.588217,2022-06-21T10:43:39Z,kowalski-bot,ZTF Public,126.96282196044903,10.31311724706684,12.310809517516017
232322399,59751.44699069997,18.64080810546875,0.08819372951984407,20.445526123046875,ztfg,ZTF,1,ab,None,,332.9072286,46.3111103,,,2022-06-21T11:31:57.822187,2022-06-21T10:43:39Z,ampelbot-jvs,,126.96287780941033,10.313121783645954,12.310809517516013
233681927,59751.44699069997,18.640800884351115,0.08819399774074556,19.619089100544233,ztfg,ZTF,1,ab,None,,332.9072286,46.3111103,,,2022-06-23T10:37:57.616260,2022-06-21T10:43:39Z,kowalski-bot,ZTF Public,126.9637222290039,10.313221740557028,12.310772077140122
233705548,59753.433333300054,18.852400326659826,0.0889979973435402,19.82083553038711,ztfg,ZTF,1,ab,None,,332.9072433,46.3111206,,,2022-06-23T11:02:06.125377,2022-06-23T10:23:59Z,kowalski-bot,ZTF Public,104.48161315917973,8.564377138423733,12.199557711024562
233681928,59753.433333300054,18.852371706239857,0.08899810165166856,19.82080563745486,ztfg,ZTF,1,ab,None,,332.9072433,46.3111206,,,2022-06-23T10:37:57.616316,2022-06-23T10:23:59Z,kowalski-bot,ZTF Public,104.48436737060574,8.564612939596115,12.199543412820352
233740991,59753.433333300054,18.852371215820312,0.08899810165166859,20.647092819213867,ztfg,ZTF,1,ab,None,,332.9072433,46.3111206,,,2022-06-23T11:31:16.817819,2022-06-23T10:23:59Z,ampelbot-jvs,,104.4844145654835,8.564616808173502,12.19954341282035
233705549,59753.44819439994,17.83381889519114,0.04562820866703987,19.52762113679153,ztfr,ZTF,1,ab,None,,332.907193,46.3111093,,,2022-06-23T11:02:06.125438,2022-06-23T10:45:23Z,kowalski-bot,ZTF Public,266.9761352539063,11.219707655598363,23.7952844627544
233740992,59753.44819439994,17.833818435668945,0.04562820866703988,20.777545928955078,ztfr,ZTF,1,ab,None,,332.907193,46.3111093,,,2022-06-23T11:31:16.817880,2022-06-23T10:45:23Z,ampelbot-jvs,,266.97624824773027,11.219712404178871,23.795284462754395
234849676,59753.44819439994,17.833799906738477,0.045628000050783164,19.527607112433394,ztfr,ZTF,1,ab,None,,332.907193,46.3111093,,,2022-06-26T09:53:11.604220,2022-06-23T10:45:23Z,kowalski-bot,ZTF Public,266.98080444336,11.21985258050183,23.795393257423598
239739077,59756.380393499974,17.92849972269919,0.050099000334739685,19.520812861465664,ztfr,ZTF,1,ab,None,,332.9072143,46.3111182,,,2022-07-03T09:35:53.251964,2022-06-26T09:07:45Z,kowalski-bot,ZTF Public,244.6809234619138,11.290283599922528,21.671813758831778
234849677,59756.380393499974,17.928471082309834,0.050098944455385215,19.520785432083947,ztfr,ZTF,1,ab,None,,332.9072143,46.3111182,,,2022-06-26T09:53:11.604294,2022-06-26T09:07:45Z,kowalski-bot,ZTF Public,244.68737792968807,11.29056883441052,21.671837931136725
234830184,59756.380393499974,17.928470611572266,0.05009894445538522,20.754100799560547,ztfr,ZTF,1,ab,None,,332.9072143,46.3111182,,,2022-06-26T09:37:04.312754,2022-06-26T09:07:45Z,ampelbot-jvs,,244.687484017673,11.2905737296107,21.671837931136725
239739078,59756.4499189998,,,20.857099533081055,ztfg,ZTF,1,ab,None,,,,,,2022-07-03T09:35:53.252013,2022-06-26T10:47:53Z,kowalski-bot,ZTF Public,,16.487704179058593,
239812298,59756.4499189998,,,20.857099533081055,ztfg,ZTF,1,ab,None,,,,,,2022-07-03T10:38:36.586444,2022-06-26T10:47:53Z,ampelbot-jvs,,,16.487704179058593,
239739079,59763.34870370012,18.220111900868496,0.047685667872428894,19.866028015902774,ztfr,ZTF,1,ab,None,,332.9072142,46.3111199,,,2022-07-03T09:35:53.252032,2022-07-03T08:22:07Z,kowalski-bot,ZTF Public,187.04893493652384,8.21521226628125,22.76860644298295
239812299,59763.34870370012,18.220111846923828,0.0476856678724289,20.56249237060547,ztfr,ZTF,1,ab,None,,332.9072142,46.3111199,,,2022-07-03T10:38:36.586500,2022-07-03T08:22:07Z,ampelbot-jvs,,187.04894423002682,8.21521267445305,22.768606442982943
243326200,59763.34870370012,18.220100563902292,0.04768599942326547,19.8660091300123,ztfr,ZTF,1,ab,None,,332.9072142,46.3111199,,,2022-07-11T10:15:34.789956,2022-07-03T08:22:07Z,kowalski-bot,ZTF Public,187.05088806152375,8.215355167427772,22.76844813759761
243326201,59763.40179400006,,,20.57379913330078,ztfg,ZTF,1,ab,None,,,,,,2022-07-11T10:15:34.790016,2022-07-03T09:38:35Z,kowalski-bot,ZTF Public,,21.403280673671635,
243415019,59763.40179400006,,,20.57379913330078,ztfg,ZTF,1,ab,None,,,,,,2022-07-11T12:41:03.397844,2022-07-03T09:38:35Z,ampelbot-jvs,,,21.403280673671635,
243326202,59765.40809029993,,,20.916799545288086,ztfg,ZTF,1,ab,None,,,,,,2022-07-11T10:15:34.790033,2022-07-05T09:47:39Z,kowalski-bot,ZTF Public,,15.605589612518122,
243415020,59765.40809029993,,,20.916799545288086,ztfg,ZTF,1,ab,None,,,,,,2022-07-11T12:41:03.397908,2022-07-05T09:47:39Z,ampelbot-jvs,,,15.605589612518122,
243326203,59768.3856366002,,,20.83930015563965,ztfg,ZTF,1,ab,None,,,,,,2022-07-11T10:15:34.790046,2022-07-08T09:15:19Z,kowalski-bot,ZTF Public,,16.760228595345332,
243415021,59768.3856366002,,,20.83930015563965,ztfg,ZTF,1,ab,None,,,,,,2022-07-11T12:41:03.397928,2022-07-08T09:15:19Z,ampelbot-jvs,,,16.760228595345332,
243326204,59768.45864580013,,,20.907899856567383,ztfg,ZTF,1,ab,None,,,,,,2022-07-11T10:15:34.790058,2022-07-08T11:00:26Z,kowalski-bot,ZTF Public,,15.734033024099949,
243415022,59768.45864580013,,,20.907899856567383,ztfg,ZTF,1,ab,None,,,,,,2022-07-11T12:41:03.397944,2022-07-08T11:00:26Z,ampelbot-jvs,,,15.734033024099949,
244049250,59771.41523149982,19.713100604102973,0.14487099647521973,20.152532774781534,ztfg,ZTF,1,ab,None,,332.9072063,46.3110727,,,2022-07-13T10:07:25.519285,2022-07-11T09:57:56Z,kowalski-bot,ZTF Public,47.28895950317385,6.309818771335222,7.494503600959528
243326205,59771.41523149982,19.713091057491937,0.14487147331237793,20.152519654518578,ztfg,ZTF,1,ab,None,,332.9072063,46.3110727,,,2022-07-11T10:15:34.790070,2022-07-11T09:57:56Z,kowalski-bot,ZTF Public,47.2893753051757,6.309895020963186,7.494478933178373
243415023,59771.41523149982,19.713090896606445,0.14487147331237796,20.490684509277344,ztfg,ZTF,1,ab,None,,332.9072063,46.3110727,,,2022-07-11T12:41:03.397958,2022-07-11T09:57:56Z,ampelbot-jvs,,47.2893823125638,6.309895955969898,7.494478933178372
244049251,59771.44586810004,,,20.850900650024414,ztfg,ZTF,1,ab,None,,,,,,2022-07-13T10:07:25.519339,2022-07-11T10:42:03Z,kowalski-bot,ZTF Public,,16.582108022640384,
244073674,59771.44586810004,,,20.850900650024414,ztfg,ZTF,1,ab,None,,,,,,2022-07-13T10:44:54.926836,2022-07-11T10:42:03Z,ampelbot-jvs,,,16.582108022640384,
244080464,59773.41145829996,18.576599484245115,0.0927259996533394,19.500481463250253,ztfr,ZTF,1,ab,None,,332.9071783,46.311103,,,2022-07-13T10:58:08.910815,2022-07-13T09:52:29Z,kowalski-bot,ZTF Public,134.69770812988264,11.503696369911065,11.70908061188023
244049252,59773.41145829996,18.576559511907256,0.09272617846727373,19.500439397167643,ztfr,ZTF,1,ab,None,,332.9071783,46.311103,,,2022-07-13T10:07:25.519355,2022-07-13T09:52:29Z,kowalski-bot,ZTF Public,134.7026672363282,11.504142081138456,11.709058031991724
244073675,59773.41145829996,18.57655906677246,0.09272617846727374,19.974958419799805,ztfr,ZTF,1,ab,None,,332.9071783,46.311103,,,2022-07-13T10:44:54.926908,2022-07-13T09:52:29Z,ampelbot-jvs,,134.70272246231787,11.504146797657029,11.70905803199172
244080465,59773.44271990005,18.598608473014014,0.10900313407182695,19.346896799581074,ztfr,ZTF,1,ab,None,,332.907154,46.3111453,,,2022-07-13T10:58:08.910894,2022-07-13T10:37:30Z,kowalski-bot,ZTF Public,131.99473571777355,13.25169024590557,9.960596215909629
244156145,59773.44271990005,18.598608016967773,0.10900313407182696,19.990535736083984,ztfr,ZTF,1,ab,None,,332.907154,46.3111453,,,2022-07-13T13:46:38.484166,2022-07-13T10:37:30Z,ampelbot-jvs,,131.99479116007657,13.251695812068663,9.960596215909627
245141836,59773.44271990005,18.59860081676443,0.10900299996137622,19.346890479152364,ztfr,ZTF,1,ab,None,,332.907154,46.3111453,,,2022-07-15T09:52:48.177172,2022-07-13T10:37:30Z,kowalski-bot,ZTF Public,131.99566650390656,13.251767388591752,9.960608470802141
245141837,59775.38862269977,18.608400315753684,0.07613173127174379,19.74637183992386,ztfr,ZTF,1,ab,None,,332.9071971,46.3111358,,,2022-07-15T09:52:48.177229,2022-07-15T09:19:37Z,kowalski-bot,ZTF Public,130.80967712402312,9.172363547339037,14.261283522933613
245199522,59775.38862269977,18.608400315753684,0.07613199949264528,19.74636801475628,ztfr,ZTF,1,ab,None,,332.9071971,46.3111358,,,2022-07-15T11:11:13.914072,2022-07-15T09:19:37Z,kowalski-bot,ZTF Public,130.80967712402312,9.172395862637511,14.261233278958041
245199523,59775.453865699936,18.57813664484604,0.10753220319747925,19.34117607385309,ztfr,ZTF,1,ab,None,,332.9071411,46.3111337,,,2022-07-15T11:11:13.914131,2022-07-15T10:53:33Z,kowalski-bot,ZTF Public,134.50714111328136,13.321697449453215,10.096847013951827
251465562,59775.453865699936,18.578100310797133,0.10753200203180316,19.34114177094514,ztfr,ZTF,1,ab,None,,332.9071411,46.3111337,,,2022-07-22T10:35:59.142745,2022-07-15T10:53:33Z,kowalski-bot,ZTF Public,134.5116424560548,13.322118343753576,10.096865902645588
251465563,59778.32438659994,,,15.440099716186523,ztfr,ZTF,1,ab,None,,,,,,2022-07-22T10:35:59.142842,2022-07-18T07:47:07Z,kowalski-bot,ZTF Public,,2420.8067047923123,
251465564,59780.37913190015,,,18.4783992767334,ztfg,ZTF,1,ab,None,,,,,,2022-07-22T10:35:59.142863,2022-07-20T09:05:56Z,kowalski-bot,ZTF Public,,147.44847640148927,
251465565,59782.33008099999,,,20.60070037841797,ztfg,ZTF,1,ab,None,,,,,,2022-07-22T10:35:59.142877,2022-07-22T07:55:18Z,kowalski-bot,ZTF Public,,20.879488182680422,
251465566,59782.40892359987,18.938511166988718,0.08785863965749742,19.92093576941631,ztfr,ZTF,1,ab,None,,332.9072316,46.3111053,,,2022-07-22T10:35:59.142890,2022-07-22T09:48:50Z,kowalski-bot,ZTF Public,96.51515960693351,7.810083694575195,12.357762526152179
253573805,59782.40892359987,18.93849983801613,0.08785899728536606,19.920920020972446,ztfr,ZTF,1,ab,None,,332.9072316,46.3111053,,,2022-07-27T01:46:18.194831,2022-07-22T09:48:50Z,kowalski-bot,ZTF Public,96.51616668701169,7.810196979511386,12.357712224186418
253573806,59784.396215300076,,,20.895700454711914,ztfg,ZTF,1,ab,None,,,,,,2022-07-27T01:46:18.194887,2022-07-24T09:30:33Z,kowalski-bot,ZTF Public,,15.911818565981669,
253573807,59786.35140050016,,,20.934200286865234,ztfg,ZTF,1,ab,None,,,,,,2022-07-27T01:46:18.194912,2022-07-26T08:26:01Z,kowalski-bot,ZTF Public,,15.357477413005805,
258913672,59786.39233799977,19.06170111791517,0.12293399870395662,19.679406886373805,ztfr,ZTF,1,ab,None,,332.9072024,46.3110987,,,2022-08-03T09:56:48.031182,2022-07-26T09:24:58Z,kowalski-bot,ZTF Public,86.16275024414062,9.755897777399976,8.831862757289333
253573808,59786.39233799977,19.061685928225895,0.1229337602853775,19.679393802366743,ztfr,ZTF,1,ab,None,,332.9072024,46.3110987,,,2022-07-27T01:46:18.194935,2022-07-26T09:24:58Z,kowalski-bot,ZTF Public,86.16395568847665,9.75601534463592,8.831879885864629
258913673,59790.34692130005,,,18.74410057067871,ztfg,ZTF,1,ab,None,,,,,,2022-08-03T09:56:48.031239,2022-07-30T08:19:34Z,kowalski-bot,ZTF Public,,115.44091801797792,
258913674,59790.38636570005,,,20.15169906616211,ztfr,ZTF,1,ab,None,,,,,,2022-08-03T09:56:48.031257,2022-07-30T09:16:21Z,kowalski-bot,ZTF Public,,31.573328889599402,
258913675,59794.346874999814,19.37666940648004,0.092586025595665,20.302191591303906,ztfr,ZTF,1,ab,None,,332.9072015,46.3111015,,,2022-08-03T09:56:48.031270,2022-08-03T08:19:29Z,kowalski-bot,ZTF Public,64.46622467041018,5.497349633578937,11.726782716645362