,sample_name,idx_to_news_sample,dist_to_news_source_arcsec,chunk_number,id,ra,dec,news_ra,news_dec
0,mirong,9321860,29.5059916805559,18,1,0.1936,14.637,0.19839801,14.6302454
1,mirong,18609065,0.126852466813761,36,2,0.8489,1.0965,0.84891404,1.09646768
2,mirong,15163064,54.66419011457139,30,3,1.1086,2.151,1.10282669,2.1369542
3,mirong,19612982,16.998466029669654,38,4,1.6094,-5.2135,1.61330113,-5.21081632
4,mirong,27987402,36.005756224585575,55,5,1.8854,14.266,1.89419009,14.2607601
5,mirong,12947448,0.1101339769681635,25,6,1.8981,0.7958,1.89812917,0.79580923
6,mirong,14338442,0.3091147910375299,28,7,2.8186,-10.0241,2.81851361,-10.02408835
7,mirong,12758953,20.197029645359073,25,8,2.9428,30.5197,2.94247116,30.52530313
8,mirong,33337677,20.708748213532015,66,9,4.4038,14.8505,4.40272106,14.8448429
9,mirong,4493053,0.1192762612537065,8,10,4.9077,20.3627,4.90772798,20.36267976
10,mirong,37411256,9.449253411768817,74,11,5.1117,14.7132,5.11417559,14.71212469
11,mirong,4128952,0.06022912821300619,8,12,5.504,0.1161,5.50398353,0.11609706
12,mirong,38986571,0.1365932891538558,77,13,5.6495,0.5986,5.64946309,0.5986088
13,mirong,15517851,0.1496315308098923,30,14,6.0254,24.0773,6.02542108,24.07733684
14,mirong,10632779,0.08463153058323344,21,15,6.7543,7.2327,6.75431683,7.23268345
15,mirong,14157573,31.627548749329275,28,16,6.9833,23.8014,6.98976809,23.80789331
16,mirong,31493955,58.73497041059683,62,17,7.124,35.7411,7.1068382,35.74959554
17,mirong,34342202,20.24109844241276,68,18,7.7323,32.0416,7.73843232,32.03945722
18,mirong,18486088,0.11363898459912121,36,19,8.2815,19.0063,8.28151978,19.00627457
19,mirong,4272845,0.28252011967001717,8,20,8.704,15.6081,8.704057,15.60815608
20,mirong,12144062,32.17924638374656,24,21,9.2869,5.954,9.27795553,5.95487029
21,mirong,27439616,29.149550004023247,54,22,9.3298,26.2201,9.3376849,26.22404072
22,mirong,7523902,0.20035752261377418,14,23,9.5354,0.2268,9.53545531,0.22680619
23,mirong,20889032,54.06975259956486,41,24,9.8184,-0.5425,9.81206015,-0.55611586
24,mirong,33713915,26.509632720234833,66,25,9.8446,8.3079,9.83859665,8.31225178
25,mirong,4967874,0.1551005480895061,9,26,10.16,16.1639,10.16001852,16.16386076
26,mirong,17865549,55.91090846424898,35,27,10.7984,-9.6378,10.78281579,-9.64006878
27,mirong,36008712,49.09524559591169,71,28,10.8999,0.2489,10.91113989,0.25662338
28,mirong,25214445,0.20952779153413786,49,29,11.252,-0.7897,11.25199881,-0.78975819
29,mirong,5548337,0.17908327433845384,11,30,11.4645,15.9299,11.46444842,15.92990381
30,mirong,1609932,0.22614534015511661,3,31,11.485,0.8737,11.48495369,0.87365755
31,mirong,9569336,32.53823595215379,18,32,11.8101,15.404,11.80244229,15.39878577
32,mirong,6210147,32.590047750090946,12,33,12.8328,29.3052,12.83155196,29.31418714
33,mirong,9258552,0.0834744507263571,18,34,14.4003,24.5871,14.40032421,24.58710728
34,mirong,15789361,17.339822105854328,31,35,14.6979,-1.0972,14.69316019,-1.09633847
35,mirong,2712179,48.43722705202316,5,36,15.0866,7.7643,15.09464622,7.77513849
36,mirong,20891257,0.16377094632780342,41,37,15.2023,-1.181,15.20233871,-1.18097609
37,mirong,31994645,28.57265388659728,63,38,15.8348,14.0321,15.83389948,14.03998862
38,mirong,31994645,34.415395655634875,63,39,15.8351,14.0305,15.83389948,14.03998862
39,mirong,5707198,0.11708775713149701,11,40,15.8448,0.4493,15.84481603,0.4493283
40,mirong,14511627,23.2849747757106,28,41,17.212,-2.5716,17.20740221,-2.56704605
41,mirong,951606,0.18051967260207472,1,42,18.9956,26.4576,18.995588,26.45755102
42,mirong,32821100,28.86028035248797,65,43,19.4168,25.4858,19.42022623,25.49319616
43,mirong,5003588,28.412498010658876,9,44,19.5295,16.4491,19.52656189,16.4564722
44,mirong,15501369,66.19995772683725,30,45,20.2,-8.4884,20.20142335,-8.47006509
45,mirong,1136095,0.23083191864468772,2,46,20.2528,14.0882,20.25284542,14.08815341
46,mirong,25804268,44.823662728093325,51,47,20.2841,15.0032,20.27327642,14.99643795
47,mirong,28359389,55.509776464933495,56,48,21.1545,15.1608,21.15142815,15.17593166
48,mirong,14379272,0.24655384911356684,28,49,22.3944,1.107,22.3943413,1.1070353
49,mirong,4209970,31.925807293365153,8,50,23.214,1.2185,23.2127634,1.22728168
50,mirong,346836,0.12953843942351537,0,51,23.2347,0.7239,23.23467274,0.72392349
51,mirong,14881895,0.1878146360950366,29,52,23.4928,-0.2616,23.49274831,-0.26159293
52,mirong,17097376,35.28726063855695,33,53,23.9826,14.5916,23.99088071,14.58595556
53,mirong,27851450,49.270372815193035,55,54,24.1816,-4.4108,24.17596441,-4.39832042
54,mirong,31013598,30.634722351774702,61,55,24.7464,26.0044,24.75152711,26.01155411
55,mirong,9105913,0.10106988574434464,18,56,25.3097,-0.3516,25.30967613,-0.35161478
56,mirong,3318257,22.757610667882968,6,57,25.8062,-9.8559,25.80937036,-9.86139596
57,mirong,6329980,0.014048786151517641,12,58,26.0068,-10.3049,26.00680132,-10.30490368
58,mirong,7715728,29.269457324770798,15,59,26.0992,9.8129,26.09141331,9.81558935
59,mirong,35473796,0.036871353057602876,70,60,26.3831,-0.2663,26.38311024,-0.26630021
60,mirong,5249684,35.85534729745992,10,61,26.7376,3.7752,26.7330107,3.78404465
61,mirong,21079502,58.55317536474847,41,62,27.8917,-8.3989,27.87613225,-8.39366977
62,mirong,35253001,34.28139590306365,69,63,28.0596,16.0776,28.06944621,16.07651963
63,mirong,6044694,0.202344387824903,11,64,28.0625,20.5968,28.0625139,20.59685468
64,mirong,1854479,0.08945610379209817,3,65,29.1307,1.8513,29.13072317,1.85130901
65,mirong,3687246,0.09227594393072838,7,66,29.132,17.9022,29.13198568,17.90222171
66,mirong,11271253,55.768704778702,22,67,29.2572,28.6397,29.24460714,28.62884559
67,mirong,21987768,15.246961088972556,43,68,29.2824,13.6215,29.28405475,13.61758195
68,mirong,6852820,0.18219601422351886,13,69,29.5198,-0.8727,29.51980002,-0.87275061
69,mirong,7535895,0.10608204449942592,14,70,29.9618,1.0232,29.96182321,1.02321816
70,mirong,37721808,20.539790730913086,74,71,30.5286,-5.9834,30.53432799,-5.98371522
71,mirong,31086603,28.89868813208457,61,72,31.4673,0.0699,31.45929908,0.06924828
72,mirong,916423,38.64515866362893,1,73,32.8945,28.1924,32.90074224,28.20161787
73,mirong,1492415,0.20085640620314557,2,74,33.0704,-2.3655,33.07034436,-2.36550473
74,mirong,5247918,106.2506693977978,10,75,33.4442,3.8744,33.47350718,3.87038911
75,mirong,262772,0.2663750035558825,0,76,36.5342,-0.8886,36.5341489,-0.88854648
76,mirong,9408138,17.13312665416521,18,77,37.7462,-4.3061,37.74233164,-4.30888751
77,mirong,26938753,0.00886535294118856,53,78,37.8858,2.884,37.88580132,2.88399792
78,mirong,37524547,0.7634295134272392,74,79,38.1785,-5.7556,38.17837896,-5.75577455
79,mirong,2981407,29.144140540317522,5,80,38.7732,-3.2147,38.76798668,-3.22090045
80,mirong,3088749,0.1110668999178074,6,81,38.9065,-0.7243,38.90649341,-0.72426986
81,mirong,20226742,0.11441490744373659,40,82,43.0495,1.0273,43.04947383,1.02728196
82,mirong,29430623,76.89631046388783,58,83,43.0975,-8.5104,43.10096451,-8.5314835
83,mirong,16881250,92.64994445890255,33,84,43.2793,-8.9228,43.29539455,-8.90256316
84,mirong,10825448,51.67094138874237,21,85,43.7098,-2.7979,43.72052605,-2.78834831
85,mirong,15259182,0.2943426843161182,30,86,46.2127,-0.9703,46.21266329,-0.97037306
86,mirong,91358,0.26000424588090076,0,87,49.7676,0.7913,49.76753058,0.79131995
87,mirong,1922286,47.42053877288045,3,88,50.2008,0.8605,50.18921879,0.86677833
88,mirong,18899192,28.58255927613641,37,89,51.3557,-6.1439,51.34875463,-6.14781816
89,mirong,15767139,38.63226008647988,31,90,51.6324,-1.218,51.6427854,-1.2207112
90,mirong,14760893,28.35102777466059,29,91,52.6554,-0.5506,52.64927439,-0.5555498
91,mirong,29726627,0.39417943907441566,58,92,57.6974,-0.6956,57.69748213,-0.69552758
92,mirong,7407771,0.1177180153356503,14,93,61.8062,-6.0658,61.80617336,-6.06578083
93,mirong,4960358,0.16614477429437938,9,94,62.287,-6.1237,62.28704235,-6.12371889
94,mirong,6424798,317.42740144124474,12,95,64.7144,28.3408,64.79349135,28.39494263
95,mirong,26451179,40.05713425751928,52,96,111.1612,42.5235,111.15322954,42.53295031
96,mirong,4157160,61.5167389183715,8,97,111.5932,40.5045,111.5751976,40.49427242
97,mirong,16273314,42.69811571784392,32,98,112.0154,45.0745,112.00457392,45.06543277
98,mirong,35973825,27.84985515524436,71,99,113.2883,44.4602,113.2906476,44.45264759
99,mirong,23843746,62.2760357187796,47,100,113.6695,43.5596,113.65393417,43.54648558
100,mirong,8389983,0.23171150278440514,16,101,114.2578,28.7795,114.25776898,28.77944166
101,mirong,6753172,0.1697831884765982,13,102,114.9844,28.0289,114.9844132,28.0289457
102,mirong,26746245,82.91837015913919,53,103,114.9946,49.5311,114.97050332,49.51419343
103,mirong,25352893,87.53307038305712,50,104,115.0078,23.6705,115.00889967,23.64620613
104,mirong,2972468,0.2631727404973572,5,105,115.5051,43.4256,115.50515392,43.42553827
105,mirong,19075143,45.57695561608649,37,106,115.8296,37.2813,115.84385812,37.28692032
106,mirong,21345104,44.76258698929686,42,107,116.231,19.6513,116.22043222,19.65875402
107,mirong,37025400,21.012161968005508,73,108,116.4494,26.9272,116.4553624,26.92961003
108,mirong,28109121,17.670422012925947,55,109,117.0861,47.204,117.09233444,47.20648058
109,mirong,15466884,0.19927013464703688,30,110,117.4253,30.6642,117.42526612,30.66424706
110,mirong,13469072,0.16344082756202952,26,111,117.4374,34.7776,117.43738274,34.77764313
111,mirong,16424479,55.17452774061037,32,112,117.4621,33.9623,117.45735022,33.97711139
112,mirong,5449868,58.54322665793915,10,113,117.5729,27.0511,117.58968488,27.04469856
113,mirong,3440867,22.1357542565364,6,114,117.6098,43.2191,117.61641337,43.22291871
114,mirong,36721614,36.79530759876246,72,115,117.6967,27.0441,117.68598829,27.0477674
115,mirong,2438225,0.05472432218206477,4,116,117.9654,35.2812,117.96539178,35.28121364
116,mirong,12700048,92.36107739690827,25,117,117.9662,49.8143,117.92653917,49.81249531
117,mirong,7506712,0.3454904211387833,14,118,118.2906,46.8654,118.29066711,46.86531571
118,mirong,23163207,42.8659947939803,45,119,118.2921,31.2591,118.2887306,31.24754643
119,mirong,2157231,0.26372415034487184,4,120,118.4835,26.89,118.48351928,26.88992879
120,mirong,18468831,0.16271702776102084,36,121,118.4997,47.0553,118.49973064,47.05525991
121,mirong,34695171,49.937867987320764,68,122,118.5025,31.3061,118.48654135,31.30355041
122,mirong,39356020,9.461421962171835,78,123,118.6386,20.7765,118.63694277,20.77862285
123,mirong,1550300,0.12873429255308871,3,124,118.7163,29.9981,118.71632706,29.99812701
124,mirong,29551720,68.12940999351929,58,125,118.8806,12.9906,118.89952504,12.99485396
125,mirong,5403858,97.69319529852395,10,126,119.1057,13.0083,119.13342819,13.00574819
126,mirong,37003792,19.283172229813303,73,127,119.2555,37.4053,119.26222203,37.4048771
127,mirong,35252148,15.51798062804077,69,128,119.2904,19.1452,119.28998414,19.14090739
128,mirong,2063879,0.13865889029707024,4,129,119.6737,15.9459,119.67366473,15.94591826
129,mirong,16583278,42.543154429629375,32,130,119.6958,27.0877,119.69319685,27.07611197
130,mirong,22207921,0.09763891660909324,44,131,119.7099,47.2361,119.70986268,47.23610967
131,mirong,6404587,0.17623658428665806,12,132,120.0236,34.5085,120.02365383,34.50847929
132,mirong,39278987,80.88410045639594,77,133,120.0874,26.6135,120.11013118,26.62308235
133,mirong,10681022,102.35711160648034,21,134,120.3165,11.0324,120.31783664,11.06080225
134,mirong,21089510,16.64101536408715,41,135,120.4274,42.0054,120.42195175,42.0076311
135,mirong,999308,0.15173473171707513,1,136,120.7698,22.1261,120.76977208,22.12613328
136,mirong,3779601,0.21350995759214972,7,137,120.9798,50.7657,120.97979178,50.76564092
137,mirong,17634547,0.14038652411869462,34,138,120.9962,36.5905,120.99620283,36.59046107
138,mirong,6254736,18.554621350551574,12,139,122.2576,14.4879,122.2584124,14.49299369
139,mirong,26965104,0.12342773202800313,53,140,122.306,31.373,122.3060167,31.37303118
140,mirong,30269264,39.12388801661385,60,141,122.5542,34.8602,122.55821264,34.87055704
141,mirong,11017326,0.12859529696086205,21,142,122.73,29.4343,122.73003928,29.43431028
142,mirong,14651176,70.06015037679401,29,143,122.8392,40.9144,122.86251575,40.90613849
143,mirong,36621896,57.3772057191462,72,144,123.1084,11.6996,123.12410193,11.70379697
144,mirong,37679872,36.95189664807377,74,145,123.1698,7.2579,123.16134078,7.26381125
145,mirong,7952990,0.2224141995449417,15,146,123.2674,9.3804,123.26742233,9.38034228
146,mirong,35646870,18.688591806970557,70,147,123.3305,46.1471,123.3233115,46.14563518
147,mirong,17300273,0.1575042431039159,34,148,123.3589,35.4497,123.35891108,35.44965719
148,mirong,31033874,66.20895767320287,61,149,123.5158,26.1956,123.510041,26.2132506
149,mirong,3226121,0.13822761664541372,6,150,123.7161,53.6257,123.71616394,53.62570603
150,mirong,6705677,22.17723054534685,13,151,124.0399,49.1679,124.03325355,49.17226646
151,mirong,39510167,0.09146761039310815,78,152,124.2951,12.3992,124.29512401,12.39919022
152,mirong,19734938,85.02252008405641,39,153,124.3601,10.2028,124.33927555,10.19106487
153,mirong,233957,0.023097745764942557,0,154,124.4144,55.9348,124.41440243,55.93480627
154,mirong,24421591,0.15767315763114864,48,155,124.5775,40.9972,124.57752402,40.99723987
155,mirong,1497301,0.13970756618268282,2,156,124.614,28.2341,124.61395793,28.2341115
156,mirong,14565146,0.12647545393490067,28,157,124.6669,31.8967,124.66693411,31.89671989
157,mirong,20481946,91.63368940940146,40,158,124.8285,27.7919,124.80170619,27.80117949
158,mirong,34230069,137.03521590792317,67,159,125.1447,27.3184,125.10200217,27.32154494
159,mirong,6822731,0.08260124347385048,13,160,125.3386,14.8393,125.33857638,14.83929773
160,mirong,1972055,0.21320783702757673,3,161,125.7101,15.6739,125.71008721,15.67384207
161,mirong,1227435,0.16115723499951132,2,162,127.5818,26.8694,127.58177349,26.86943801
162,mirong,11526137,0.15963769627446633,22,163,127.8844,36.7715,127.88440246,36.7714557
163,mirong,32019055,25.738980170277756,63,164,127.9537,4.4942,127.95874973,4.49927695
164,mirong,6921003,54.97384299610698,13,165,128.0835,30.4554,128.1000752,30.46078949
165,mirong,25811048,79.57113916611323,51,166,128.0922,40.0643,128.06479078,40.05733784
166,mirong,32186999,49.41593516742708,63,167,128.1798,15.5623,128.16563687,15.5607955
167,mirong,11159931,65.20986863386673,22,168,128.2936,4.1769,128.27544156,4.17653696
168,mirong,7640920,75.88601712949341,15,169,128.902,49.5952,128.87043208,49.59013897
169,mirong,28714224,68.58781621537639,56,170,129.3411,41.7283,129.36551307,41.73387282
170,mirong,33005459,0.13568285633827978,65,171,129.4333,17.989,129.43326124,17.98900784
171,mirong,1137614,0.16321692417485978,2,172,129.6847,35.1618,129.68473023,35.16176199
172,mirong,1687993,0.1807723096613655,3,173,129.7157,50.0723,129.71572338,50.07234792
173,mirong,16970049,33.55406648080808,33,174,129.8205,17.7243,129.82391665,17.7155661
174,mirong,14777270,27.410266066392882,29,175,130.2996,26.1261,130.29836321,26.11856745
175,mirong,38231365,69.81620178876851,75,176,130.4916,5.435,130.51018903,5.42919929
176,mirong,31010549,33.836097768909276,61,177,130.637,23.9555,130.64279861,23.96326277
177,mirong,7917982,0.17074548025359293,15,178,130.6473,33.5497,130.64726267,33.5497358
178,mirong,18387190,0.13424401049223894,36,179,131.1615,15.7549,131.16149131,15.75486366
179,mirong,7028216,0.0664131319181788,13,180,131.3331,27.675,131.33309688,27.67498176
180,mirong,2746357,0.06989214872244898,5,181,131.4315,5.4579,131.4314831,5.45790969
181,mirong,23916405,0.10918628733589159,47,182,131.4689,56.6558,131.4689243,56.65582723
182,mirong,335972,0.0632070134706869,0,183,131.607,20.8677,131.60701879,20.86770003
183,mirong,1582643,0.04912557993423449,3,184,131.7435,11.2493,131.74350833,11.24931093
184,mirong,22679554,23.52393491477309,44,185,131.8039,11.564,131.7995811,11.56897953
185,mirong,12517805,0.17063269055041339,24,186,131.9388,54.4227,131.93885951,54.42266763
186,mirong,10778777,0.22958142777049512,21,187,131.9699,51.7101,131.96996851,51.71005241
187,mirong,41156,0.08989586263534473,0,188,132.8109,63.2363,132.81095441,63.23630482
188,mirong,28733555,51.314695990545246,56,189,132.8984,4.6904,132.89125697,4.70274901
189,mirong,4169676,62.563183974244865,8,190,132.8997,55.4763,132.90906056,55.4928495
190,mirong,4552666,0.156734048479981,9,191,132.9658,50.5561,132.96586348,50.5560836
191,mirong,5889003,0.24052992343850657,11,192,133.3124,4.2437,133.31235692,4.24364883
192,mirong,34886327,62.71703472097466,69,193,133.4052,1.7177,133.40758984,1.70044315
193,mirong,31461944,74.6502151672727,62,194,133.6444,11.2263,133.63315135,11.20874309
194,mirong,7469894,0.15028241090924263,14,195,133.707,18.0565,133.70704334,18.05649331
195,mirong,6055211,50.031586318469145,12,196,134.5373,2.686,134.54048231,2.67247077
196,mirong,1452473,0.15534720419364087,2,197,134.6496,41.3539,134.64959198,41.35385727
197,mirong,259602,0.23966397216036658,0,198,134.7501,20.6559,134.75014902,20.65594825
198,mirong,4528510,0.1260139400238075,8,199,134.8777,62.2918,134.87765718,62.29177121
199,mirong,4150481,0.07313508933565022,8,200,134.9978,9.3738,134.99777941,9.3737999
200,mirong,1503507,0.184754941509903,2,201,135.3035,40.1017,135.30356082,40.10167833
201,mirong,32294879,104.6790341347157,64,202,135.4933,60.1517,135.46134062,60.12736274
202,mirong,1175096,34.280100983925095,2,203,135.6751,15.7494,135.66631991,15.75378912
203,mirong,975789,48.06567921347536,1,204,135.7312,19.5839,135.71902431,19.59073216
204,mirong,9408814,0.1931249784542527,18,205,136.207,15.6334,136.20695522,15.63343191
205,mirong,1202122,0.08081224774423686,2,206,136.3497,33.3625,136.34968407,33.36248192
206,mirong,10655738,0.15981940739981707,21,207,136.5512,40.7774,136.55118931,40.77735635
207,mirong,15891898,0.09377833488202064,31,208,136.9656,9.7273,136.96560796,9.72732484
208,mirong,1107547,0.028337882118163796,2,209,137.0175,18.8764,137.01749383,18.87640528
209,mirong,9549802,46.372269065970116,18,210,137.2021,24.5741,137.20701523,24.56201936
210,mirong,2584773,0.04017728837836213,5,211,137.3342,6.7508,137.33419991,6.75081116
211,mirong,4173910,0.10412724685778064,8,212,137.3523,19.3347,137.3523026,19.33467118
212,mirong,4295877,0.25347157636770046,8,213,137.3835,47.7919,137.38341859,47.79185566
213,mirong,27991532,0.14900307283297862,55,214,137.5571,19.117,137.5571083,19.11704064
214,mirong,36857357,19.393033273081915,73,215,137.5973,1.7304,137.59784302,1.73575954
215,mirong,32612476,19.150617650100028,64,216,137.7168,39.0339,137.71078631,39.03135506
216,mirong,1417894,25.521692086860543,2,217,137.7597,55.0064,137.77129409,55.00886009
217,mirong,228495,0.18098161709212887,0,218,137.9387,52.8905,137.93872022,52.89054877
218,mirong,8211185,0.20746731546876931,16,219,138.3456,61.6142,138.34561561,61.61425715
219,mirong,24992898,44.20177887849386,49,220,138.534,22.6795,138.53938049,22.66827021
220,mirong,25577514,33.35764539319205,50,221,138.6194,66.6671,138.64265701,66.66810562
221,mirong,1957757,0.20719005030288262,3,222,138.6557,1.4399,138.65571676,1.43984494
222,mirong,39136528,43.99985239752874,77,223,138.7465,5.0454,138.74003478,5.05578781
223,mirong,412073,67.92658391036271,0,224,138.8793,48.2355,138.89148891,48.25253318
224,mirong,5433233,0.09028824546939444,10,225,139.5467,12.9118,139.54670006,12.91177492
225,mirong,3796029,0.13533008822185277,7,226,139.7563,36.5933,139.75630991,36.59333674
226,mirong,2422160,24.166073861419367,4,227,140.2858,44.9141,140.28137085,44.92003503
227,mirong,7150366,21.49805586232784,14,228,140.5272,58.1835,140.53411393,58.17876999
228,mirong,3630958,0.09096794100257914,7,229,140.5455,60.2144,140.54544926,60.21439821
229,mirong,155085,16.82774668988056,0,230,140.6507,21.3034,140.64943104,21.29887761
230,mirong,5023206,0.09059250244281283,9,231,141.0913,8.3819,141.09130443,8.38192478
231,mirong,9448412,45.99150850046117,18,232,141.4816,24.1389,141.47078941,24.13078326
232,mirong,4480147,0.08932144622383106,8,233,141.5195,7.4109,141.51952432,7.41090583
233,mirong,30999077,55.68822928857266,61,234,141.8523,1.7631,141.86621468,1.76987157
234,mirong,6250351,29.076167255821527,12,235,141.9228,23.7621,141.91455283,23.76497434
235,mirong,3585923,0.06775201926493178,7,236,141.9924,23.2118,141.9924094,23.21181672
236,mirong,13506866,0.28952225877491045,26,237,142.2439,45.7425,142.24383641,45.74243293
237,mirong,11949194,0.17771236789269632,23,238,142.8979,66.4478,142.89784817,66.44784481
238,mirong,1165401,0.09305870037659537,2,239,143.1521,47.3991,143.15206456,47.39910963
239,mirong,20915832,57.359739263250496,41,240,143.2828,47.8457,143.30586579,47.84192947
240,mirong,6663300,27.493521276305216,13,241,143.4263,26.1318,143.42641915,26.12416366
241,mirong,31278399,76.82996148503969,62,242,143.8202,12.6919,143.83959095,12.68202103
242,mirong,28794291,0.07448819851242316,57,243,144.0358,6.2571,144.03581773,6.25708916
243,mirong,7714592,0.09049044205278389,15,244,144.0372,40.1053,144.03721851,40.10532077
244,mirong,4302221,0.17456730741283602,8,245,144.1398,27.4345,144.13984557,27.43452675
245,mirong,742882,0.22917235121862345,1,246,144.2443,8.0802,144.24436429,8.08020096
246,mirong,10539927,0.2162799469815431,20,247,144.2676,5.244,144.26755141,5.24403561
247,mirong,517489,0.18130761581582025,1,248,144.3764,26.0423,144.37635252,26.04227323
248,mirong,1696376,0.2173647010152263,3,249,144.7122,1.9721,144.71221419,1.97215869
249,mirong,3208111,0.18173672352891768,6,250,144.7132,49.5377,144.71316321,49.53774448
250,mirong,3332934,0.15163397555415703,6,251,144.8209,37.6933,144.82084813,37.69329054
251,mirong,4052749,0.14841735665595684,8,252,145.0187,12.3438,145.01865781,12.34380101
252,mirong,33809846,45.95894117724344,67,253,145.7228,9.4955,145.7343874,9.48981103
253,mirong,14893848,27.918523426232284,29,254,145.7636,59.9693,145.77704209,59.96544245
254,mirong,31213052,0.04738014078489986,61,255,145.8306,40.4103,145.83060391,40.41031282
255,mirong,23122088,29.886611225971233,45,256,145.9485,49.8974,145.93642975,49.89449073
256,mirong,7085984,0.161006996133649,14,257,146.1264,0.7579,146.12635528,0.75789915
257,mirong,15911045,0.17897449469242965,31,258,146.1269,3.2511,146.12694203,3.25112666
258,mirong,14738258,66.989279549111,29,259,146.2357,31.0978,146.22300288,31.11290208
259,mirong,2064224,25.14537776595707,4,260,146.426,57.9633,146.4215173,57.96986768
260,mirong,31309465,57.17091445314345,62,261,146.5656,-1.0847,146.55497046,-1.09650059
261,mirong,27814132,21.73234256422202,55,262,146.567,48.8499,146.55855619,48.84754025
262,mirong,5138727,0.12971857306162193,10,263,146.8054,12.2056,146.80538391,12.20563242
263,mirong,36729219,70.33999395548575,72,264,147.1131,0.4401,147.10084549,0.42488147
264,mirong,33270034,0.030558846976946323,65,265,147.1997,57.7524,147.19970984,57.75239333
265,mirong,10966935,0.18797094299380065,21,266,147.9053,34.2701,147.90524745,34.27007101
266,mirong,489661,0.1371577935665264,0,267,148.6697,40.6873,148.66969513,40.68733792
267,mirong,26795555,37.693534624336095,53,268,148.7406,24.1811,148.75127018,24.17724285
268,mirong,10294826,38.042197205051664,20,269,149.1057,16.1986,149.11633858,16.19589917
269,mirong,33063772,12.656477602329781,65,270,149.1117,23.9641,149.10799592,23.96314964
270,mirong,12232572,0.1107261635090275,24,271,149.3183,22.6762,149.3183124,22.67617145
271,mirong,13375717,50.8326895973926,26,272,149.4457,-0.6958,149.45803808,-0.68893168
272,mirong,4444545,0.06521724976573227,8,273,149.4782,2.1198,149.47821492,2.11981029
273,mirong,21045301,59.82514727869288,41,274,149.6041,10.5674,149.58720988,10.56670794
274,mirong,3138404,50.9064388943277,6,275,149.9524,59.714,149.97544505,59.70594672
275,mirong,26545298,0.09162502925963172,52,276,150.0076,3.9006,150.00760216,3.90057464
276,mirong,36142084,99.6686121437501,71,277,150.2925,29.1938,150.29548043,29.22136323
277,mirong,12635697,0.16974792089835614,25,278,150.3349,18.4907,150.33489438,18.49074685
278,mirong,29190745,35.26100506518593,57,279,150.7371,44.4161,150.75061481,44.41444239
279,mirong,2826678,0.1905309378512179,5,280,150.8478,35.4177,150.84776654,35.41774536
280,mirong,360165,0.18053405861356647,0,281,150.8618,18.966,150.86178979,18.96595079
281,mirong,4634773,0.15535790539010877,9,282,150.903,4.4079,150.90298827,4.40785846
282,mirong,450944,0.09824396329469332,0,283,150.9183,4.9724,150.91828431,4.97242237
283,mirong,2959456,0.17072271616609966,5,284,150.926,26.0869,150.92595046,26.08691641
284,mirong,4605013,0.10651727066245714,9,285,150.9624,2.041,150.96242419,2.04101706
285,mirong,1352902,0.220715907993379,2,286,151.173,40.6131,151.17307661,40.61308059
286,mirong,1599626,30.34716999871383,3,287,151.3662,24.2329,151.3617816,24.24030463
287,mirong,28183365,0.0760257506394959,55,288,151.6329,32.0773,151.63288065,32.07728669
288,mirong,35298248,0.08350509421764385,69,289,151.712,1.6928,151.71199129,1.6927785
289,mirong,970298,0.13598982514154323,1,290,151.926,33.5268,151.92602981,33.52677155
290,mirong,31280331,93.15770680248664,62,291,152.0034,6.3559,152.02350316,6.33945526
291,mirong,5990362,35.881840665664164,11,292,152.0376,15.8309,152.02773614,15.82785234
292,mirong,30681895,0.16408373990501632,60,293,152.1777,15.0692,152.17772034,15.06915887
293,mirong,7771890,0.14474974066284116,15,294,152.3821,34.6013,152.38212474,34.60133467
294,mirong,33032453,63.67813540034987,65,295,152.4821,22.1637,152.48782213,22.18057599
295,mirong,5393361,0.043670325725909176,10,296,152.7663,19.1127,152.76628723,19.11269875
296,mirong,10178725,20.588759794810763,20,297,152.9901,53.8161,152.98892169,53.82177664
297,mirong,1438457,0.17524276811399028,2,298,153.0019,19.0697,153.00188883,19.06965248
298,mirong,12664602,0.21442777717139216,25,299,153.1377,35.3189,153.13771294,35.31884138
299,mirong,23583062,24.00536359882923,46,300,153.2039,55.9885,153.21335725,55.98444078
300,mirong,4363451,0.024442706076785052,8,301,153.4283,55.4322,153.42830943,55.43219582
301,mirong,119610,0.1295565261111174,0,302,153.4519,0.3374,153.45188546,0.33743292
302,mirong,3909965,39.24973303543922,7,303,153.6869,34.6959,153.6993055,34.69975249
303,mirong,8752282,0.12106966170384262,17,304,154.2873,12.4034,154.28726702,12.40339033
304,mirong,3897209,0.08521217103365529,7,305,154.3126,21.0303,154.31262473,21.03029476
305,mirong,37291862,19.075510751513526,73,306,154.4081,6.9712,154.40943091,6.97633143
306,mirong,10543591,0.1953979316539961,20,307,154.4379,6.9577,154.43792817,6.95765348
307,mirong,10839809,77.10103465823792,21,308,154.5549,19.0512,154.56253499,19.03103574
308,mirong,34554426,17.465083828927117,68,309,154.556,33.2276,154.56120917,33.22973286
309,mirong,19606461,37.91093576531987,38,310,155.0041,5.4772,154.9935995,5.47591864
310,mirong,20041505,36.68223289708124,39,311,155.0489,53.3511,155.03656141,53.35814212
311,mirong,4390098,0.08770751069714966,8,312,155.0738,25.2651,155.07382694,25.2650999
312,mirong,33554070,24.26981780908109,66,313,155.1604,24.619,155.16621972,24.62317838
313,mirong,21338476,0.17449261116547785,42,314,155.2191,33.7089,155.21907121,33.70885786
314,mirong,548063,0.11637231393367183,1,315,155.2251,47.4451,155.22505429,47.44510945
315,mirong,14799459,32.49782118817147,29,316,155.2741,61.2008,155.29218473,61.20316511
316,mirong,11120960,16.297873502753355,22,317,155.7375,47.5818,155.74295777,47.57916532
317,mirong,6689050,0.2708120773514707,13,318,155.7475,2.6362,155.7474836,2.63612658
318,mirong,14281882,0.14693044280577963,28,319,155.788,27.653,155.78796002,27.65302029
319,mirong,1621237,0.10816936030379795,3,320,155.7982,39.8043,155.79818769,39.80427148
320,mirong,36609132,29.31573442511271,72,321,155.8881,22.796,155.88889107,22.80411054
321,mirong,33304425,0.1300186321897765,66,322,156.1531,33.1545,156.15314147,33.15450995
322,mirong,29461608,41.39126715511135,58,323,156.2235,23.5428,156.23377812,23.54938889
323,mirong,8939778,0.04761921007859947,17,324,156.4879,1.3649,156.48789576,1.36488747
324,mirong,10566098,0.12947010221947108,20,325,156.7266,20.3207,156.72663592,20.3206874
325,mirong,23743317,0.39330282702852076,47,326,156.7482,51.7845,156.74821689,51.78439125
326,mirong,7356915,0.07770348557188142,14,327,156.8168,1.3629,156.81679605,1.36292122
327,mirong,4877773,0.10250152123924791,9,328,156.8602,17.393,156.86019787,17.3930284
328,mirong,15624200,0.09252338035886089,30,329,156.9752,22.875,156.97522347,22.87501389
329,mirong,16870885,44.411270937474306,33,330,157.0564,2.7827,157.05695573,2.77037603
330,mirong,10570988,0.1161447085533721,20,331,157.0704,15.5957,157.0703903,15.59566912
331,mirong,33059672,39.79818662118675,65,332,157.3036,24.9557,157.31081749,24.96461057
332,mirong,5985255,0.19470638825197795,11,333,157.3954,25.4433,157.39535148,25.44326829
333,mirong,6334158,0.07899397653266846,12,334,157.4998,48.4939,157.49982645,48.4938868
334,mirong,30657205,60.84690257543581,60,335,157.5155,58.3106,157.50647921,58.29437629
335,mirong,6912531,0.11090363922517132,13,336,158.0251,22.9894,158.02508163,22.98937425
336,mirong,26577145,47.9886874925803,52,337,158.0682,50.8558,158.06807305,50.84247005
337,mirong,3080348,0.09566646941543817,6,338,158.0845,3.1637,158.08451821,3.16368062
338,mirong,639959,0.2148764817859089,1,339,158.1771,38.7324,158.17705958,38.73245068
339,mirong,3656293,0.28176312218270405,7,340,158.3354,0.9959,158.33532206,0.99590728
340,mirong,1892186,0.0907648815283613,3,341,158.4588,3.4961,158.45879223,3.49607601
341,mirong,11210968,0.22488936866018316,22,342,158.7303,35.3155,158.73029389,35.31543773
342,mirong,30255216,19.79320718080129,59,343,159.0241,22.5397,159.02091115,22.54434273
343,mirong,103323,0.15296090580437066,0,344,159.3014,12.3487,159.30143381,12.34867327
344,mirong,9783980,0.07700732144709792,19,345,159.4737,39.2138,159.47372289,39.21381196
345,mirong,35234537,27.72555127513753,69,346,159.6385,46.9682,159.62739734,46.9695827
346,mirong,2008915,0.06643289031258726,3,347,159.6503,15.5612,159.65028286,15.56119176
347,mirong,1775068,0.19045056100512261,3,348,159.6912,39.4597,159.69118627,39.45975183
348,mirong,17072379,0.20543963832994472,33,349,159.7175,32.9477,159.71743489,32.94768353
349,mirong,13426434,0.40441974830312294,26,350,159.8134,52.2168,159.81333984,52.21669388
350,mirong,14663240,58.533465571260464,29,351,159.9288,-0.7079,159.91311921,-0.71220294
351,mirong,9933529,0.07738274066765016,19,352,160.0024,25.6222,160.00238038,25.62218779
352,mirong,35856451,80.88652989372223,71,353,160.3151,4.8872,160.31351409,4.90961285
353,mirong,1248585,0.1632659090630232,2,354,160.4117,34.2149,160.41165052,34.21488044
354,mirong,29483398,35.634494010488496,58,355,160.7095,25.7712,160.69851492,25.77154486
355,mirong,17568325,0.34490900203688735,34,356,160.7774,27.2673,160.77731797,27.26723785
356,mirong,2762023,36.95021509524117,5,357,161.1141,59.7415,161.09457933,59.74443262
357,mirong,10353391,0.06289561843967433,20,358,161.1672,9.4482,161.16719223,9.4482157
358,mirong,1301415,0.10839617509904849,2,359,161.2078,40.5055,161.20778862,40.50547116
359,mirong,4875210,0.13539755352614394,9,360,161.2414,39.301,161.24135892,39.3009799
360,mirong,21330784,18.556785680519784,42,361,161.3184,39.3804,161.31810508,39.38554962
361,mirong,25271967,42.408279081260574,50,362,161.3903,17.6678,161.38091629,17.66013035
362,mirong,31198394,41.35228087478492,61,363,161.5401,16.9199,161.54434582,16.9091555
363,mirong,23149934,57.69312779082326,45,364,161.6918,33.8619,161.70250794,33.84856756
364,mirong,37694270,42.98335193021309,74,365,162.0404,56.9165,162.0615225,56.91960335
365,mirong,23470693,74.5729625198394,46,366,162.3097,18.1888,162.3284816,18.17827848
366,mirong,161905,0.18738809653238978,0,367,162.3875,15.6251,162.3874542,15.62507236
367,mirong,10746516,21.701509465249984,21,368,162.414,15.8105,162.41824607,15.80606739
368,mirong,6242960,0.20898121190828994,12,369,162.443,14.494,162.44303432,14.4940476
369,mirong,29360917,36.190477931222404,58,370,162.6284,20.1632,162.63659343,20.15672678
370,mirong,24467752,19.999464788984426,48,371,162.6729,31.3324,162.67044313,31.33754381
371,mirong,5181245,0.05122454395381177,10,372,162.7224,47.146,162.72237966,47.14599667
372,mirong,11451052,0.1952319922158956,22,373,162.7473,21.7554,162.7473106,21.75534667
373,mirong,566874,0.09740964285580807,1,374,162.9395,21.0256,162.93947667,21.02558394
374,mirong,29715988,12.72504220797011,58,375,162.966,1.053,162.96381439,1.05022168
375,mirong,12366478,40.76884131403322,24,376,163.0172,42.6981,163.02866065,42.7056705
376,mirong,4511278,0.1696976191581747,8,377,163.1098,4.4826,163.10982857,4.48263756
377,mirong,23717906,0.11611480356159984,47,378,163.2794,16.5371,163.27938131,16.53707318
378,mirong,6538656,0.12313492179531331,12,379,163.4044,35.6302,163.40442969,35.63022424
379,mirong,6620809,0.07194294583716908,13,380,163.4339,55.4016,163.4338923,55.4015805
380,mirong,951250,0.18840032073983531,1,381,163.7077,9.039,163.70766311,9.03903757
381,mirong,6866275,37.748804212149345,13,382,163.7345,24.4632,163.72554102,24.45660843
382,mirong,15776093,31.848421189042277,31,383,163.7629,50.893,163.75485999,50.90024917
383,mirong,36990311,0.1494270077179574,73,384,164.0266,30.0702,164.02663008,30.07023233
384,mirong,14044106,24.37554726191897,27,385,164.4814,4.5606,164.47799395,4.5664582
385,mirong,26665579,30.912696598505796,52,386,164.4868,16.9096,164.47880757,16.91350649
386,mirong,6025755,0.0787911215897275,11,387,164.5064,54.7436,164.50636391,54.74360671
387,mirong,29371405,70.00672782125498,58,388,164.6234,1.5663,164.61783036,1.54766774
388,mirong,10478819,0.22644525258237672,20,389,164.6245,28.2962,164.62456282,28.29617005
389,mirong,32990040,19.449342343188977,65,390,164.6572,56.4698,164.64778136,56.46834412
390,mirong,10974873,0.13982820446296443,21,391,164.7079,-0.1717,164.7078787,-0.17173248
391,mirong,31304460,52.34833184324286,62,392,164.9315,65.0684,164.95917659,65.05972297
392,mirong,6230136,0.11171267976262224,12,393,165.1658,59.7176,165.16575396,59.71762059
393,mirong,7004956,0.03011896926584503,13,394,165.7034,14.8933,165.70340321,14.89329223
394,mirong,18742034,0.053598875755200365,37,395,165.7141,40.9579,165.71408281,40.95789271
395,mirong,11116521,51.60500628644477,22,396,165.8617,66.6697,165.87642097,66.68279633
396,mirong,2592324,0.1752567001052399,5,397,166.139,66.108,166.1390158,66.10795174
397,mirong,13867225,27.997864514152823,27,398,166.2582,59.6843,166.27279413,59.68180724
398,mirong,6923759,43.72293669738669,13,399,166.4474,54.1195,166.43722394,54.13008042
399,mirong,21690966,84.9691636511381,43,400,166.5303,28.2131,166.55321997,28.2008887
400,mirong,19115416,35.526934045569824,37,401,166.6382,48.2597,166.63885029,48.24984091
401,mirong,5686315,0.3524732732469124,11,402,166.9169,2.9876,166.91683249,2.987529
402,mirong,3592468,0.1662146047246683,7,403,166.9503,15.0363,166.95025844,15.03627718
403,mirong,21412683,21.835293490570773,42,404,167.1772,2.1373,167.18155972,2.13308007
404,mirong,9469035,0.029403749914695482,18,405,167.3582,43.3862,167.35820767,43.38619403
405,mirong,6215371,0.15509052593104372,12,406,167.3823,-1.0156,167.38225779,-1.01560865
406,mirong,27223062,109.53419463797255,53,407,167.4931,37.136,167.50341186,37.10670587
407,mirong,1531130,0.129181055228663,3,408,167.606,-0.0595,167.60602264,-0.05947216
408,mirong,8504081,0.13254699788297278,16,409,167.8435,59.3929,167.84353114,59.39286677
409,mirong,3355624,0.12114383794144633,6,410,167.9066,14.0217,167.90663145,14.02168581
410,mirong,2270743,0.1547148330616397,4,411,167.9174,1.5236,167.91737494,1.52363492
411,mirong,1945906,61.25032618962788,3,412,168.0578,56.4662,168.05584125,56.44922048
412,mirong,11017045,0.1233702988116584,21,413,168.0863,24.2275,168.08629521,24.22746601
413,mirong,21172596,33.22489000082683,41,414,168.2429,21.9095,168.25085782,21.90396238
414,mirong,3649432,17.010232680781357,7,415,168.6327,40.9372,168.63101106,40.94174956
415,mirong,3406535,0.17436848650979106,6,416,168.9024,5.7471,168.90236573,5.7471344
416,mirong,15546985,0.10704025728879575,30,417,168.9836,16.9172,168.98357295,16.91718536
417,mirong,39836215,11.697681435766311,78,418,169.2761,20.2354,169.27285441,20.23653345
418,mirong,5090165,0.13222778241128666,10,419,169.4433,60.7983,169.44334799,60.7982717
419,mirong,3818858,0.08467290662026153,7,420,169.6798,47.4195,169.67976786,47.41950896
420,mirong,6779279,18.660276698985587,13,421,170.0376,22.1803,170.04168631,22.1838426
421,mirong,10358133,0.1037839934289591,20,422,170.0735,0.406,170.07351576,0.40597586
422,mirong,37914936,27.388220179973025,75,423,170.0763,19.5627,170.07416748,19.55536234
423,mirong,32265914,26.992358636181944,63,424,170.0996,15.7318,170.10389965,15.73805226
424,mirong,19705018,0.25963931956800784,39,425,170.3572,30.8889,170.35717226,30.88883192
425,mirong,15927033,120.5324824385701,31,426,170.5149,53.0614,170.45982911,53.0664815
426,mirong,1182507,58.22521834952497,2,427,170.6606,1.0598,170.67380786,1.06913811
427,mirong,33716354,84.0440787630453,66,428,170.6619,14.5635,170.63781971,14.56485006
428,mirong,9433747,0.04849284124895289,18,429,170.8976,24.6089,170.89761477,24.60889894
429,mirong,11055921,21.287194162053318,21,430,170.9965,41.5981,170.98950144,41.59534819
430,mirong,25097916,19.95819162860202,49,431,170.9997,17.1221,170.99396983,17.12296406
431,mirong,27959775,21.996404765343225,55,432,171.1926,4.9237,171.19376434,4.91770102
432,mirong,10303663,0.11009998304944654,20,433,171.2976,46.6603,171.29762784,46.66032388
433,mirong,22967337,12.665260638092033,45,434,171.6156,-2.4242,171.61769247,-2.4270296
434,mirong,1581153,0.09914945807664952,3,435,171.9194,55.0483,171.91935862,55.04831402
435,mirong,39685710,58.35402471126102,78,436,172.3172,51.5232,172.31331715,51.50717166
436,mirong,6522439,0.2714478546187304,12,437,172.4314,18.4023,172.43135768,18.40223618
437,mirong,17455173,0.19064299997578465,34,438,172.448,19.5637,172.44805351,19.56368381
438,mirong,31710475,72.02845701232403,62,439,172.5039,25.1167,172.52590516,25.11852699
439,mirong,31212037,72.6811986578244,61,440,172.5082,56.5474,172.48141278,56.56117092
440,mirong,7211555,0.17643689559136844,14,441,172.5638,5.9134,172.56376042,5.91342919
441,mirong,39919625,23.499388008255476,79,442,172.6618,25.782,172.66481244,25.78793734
442,mirong,9986094,0.1407858213358811,19,443,172.8342,19.375,172.83423748,19.37498329
443,mirong,12338789,68.07361207014263,24,444,172.9091,16.5819,172.9114236,16.56312227
444,mirong,936146,68.68793066967604,1,445,173.1214,3.9581,173.12148552,3.97717979
445,mirong,17300906,78.47319738274537,34,446,173.1901,0.5744,173.18010995,0.55502563
446,mirong,32879044,31.464729432799004,65,447,173.4052,42.2589,173.39385822,42.25646572
447,mirong,37391579,26.03266673577733,74,448,173.4831,67.0186,173.49821819,67.02277811
448,mirong,32436775,62.73309528470757,64,449,173.5371,49.2546,173.55200735,49.24014456
449,mirong,6271549,0.0888968371068632,12,450,174.3744,6.9405,174.37438664,6.94052083
450,mirong,28366098,15.757849956753661,56,451,174.7553,61.5691,174.75322876,61.56483536
451,mirong,1947108,50.92233128730227,3,452,174.8276,55.6137,174.82227909,55.62752231
452,mirong,2306907,88.88425654557612,4,453,175.4709,46.5825,175.50143572,46.59550887
453,mirong,18664775,20.698251979537297,37,454,175.5315,-3.1903,175.536991,-3.19203184
454,mirong,10509466,17.039368034540423,20,455,175.6184,6.8876,175.6208766,6.89164444
455,mirong,25140046,16.362431684362893,49,456,175.6904,19.1078,175.68687428,19.1047082
456,mirong,28685733,15.263892125174651,56,457,175.7494,47.832,175.75067755,47.82784768
457,mirong,4825189,0.1231039007121209,9,458,175.7923,7.3942,175.79229938,7.39416581
458,mirong,15138930,43.11670572623934,30,459,175.8225,23.5789,175.83368004,23.57269943
459,mirong,36666416,26.488038123643374,72,460,175.8614,-2.8851,175.85563174,-2.88967697
460,mirong,4639024,0.16220796204917318,9,461,175.9125,4.2628,175.91254516,4.26280143
461,mirong,3217933,0.043016573078438876,6,462,175.9137,26.6552,175.91370108,26.65521191
462,mirong,273526,0.25580215324499117,0,463,175.9934,9.6596,175.99336624,9.65953722
463,mirong,29628669,44.40192591909732,58,464,176.1356,9.2593,176.14752098,9.2630007
464,mirong,29176772,39.21715539750454,57,465,176.5004,19.0388,176.48909911,19.04093376
465,mirong,30752452,41.269398391405424,60,466,176.5482,28.3088,176.5356705,28.3119204
466,mirong,7975422,0.020719929926072897,15,467,176.88,54.7921,176.87999014,54.7920991
467,mirong,12766422,77.08315776320606,25,468,176.9572,55.5353,176.96151024,55.51402747
468,mirong,6639619,0.19087944340961396,13,469,177.0163,25.0532,177.01629453,25.05314721
469,mirong,14077202,0.10344166544371516,27,470,177.098,33.4727,177.09802874,33.47271584
470,mirong,4836298,0.06899530296340138,9,471,177.3313,64.1305,177.33131197,64.13048156
471,mirong,30507304,26.42939107357924,60,472,177.3418,54.6976,177.33323222,54.69217972
472,mirong,2868641,0.11348784193627702,5,473,177.5524,61.2902,177.55233438,61.29020038
473,mirong,5152379,0.06390128120317841,10,474,177.6364,19.0186,177.63639833,19.01858232
474,mirong,32487753,31.241823206723772,64,475,177.6366,-2.1047,177.63368115,-2.1128734
475,mirong,5109298,61.513201917515616,10,476,178.0222,48.8472,177.99645654,48.84943192
476,mirong,12523870,0.23792623018218925,24,477,178.0925,15.53,178.09244447,15.5300388
477,mirong,19460957,0.10325529835981054,38,478,178.3615,40.622,178.36148751,40.62197293
478,mirong,8180758,0.07585704492340062,16,479,178.519,-0.1694,178.51898015,-0.16940707
479,mirong,10569974,106.28839367030353,20,480,178.6439,50.899,178.59874447,50.90679585
480,mirong,426848,0.17780768863700006,0,481,178.8018,7.2265,178.80183812,7.22653177
481,mirong,11396681,17.252004352229193,22,482,178.9522,11.0331,178.94733781,11.03266374
482,mirong,5057527,0.2051520977970354,10,483,178.9874,23.4417,178.98743448,23.4416526
483,mirong,2861927,0.13756116426679987,5,484,179.0516,2.6904,179.05161001,2.69043688
484,mirong,40170000,40.122016488619856,79,485,179.0968,19.9923,179.08494205,19.9921097
485,mirong,3814742,25.23508322516349,7,486,179.1603,31.5201,179.15392214,31.52452477
486,mirong,371409,0.24575596601655794,0,487,179.4764,1.3681,179.47646158,1.3680705
487,mirong,26594808,70.34786282522145,52,488,179.5249,36.0158,179.52777763,36.03520199
488,mirong,18712706,37.537777977558044,37,489,179.5325,41.5421,179.54134733,41.55015487
489,mirong,28999935,46.7135943270909,57,490,179.5751,10.0563,179.58490499,10.04763008
490,mirong,8082978,0.19119722939527636,16,491,179.6962,3.936,179.69614851,3.93598651
491,mirong,1181617,0.1922316015587027,2,492,179.7216,8.3287,179.72164495,8.32867045
492,mirong,7842860,0.17000510541083919,15,493,179.7542,-0.5454,179.75421807,-0.54544363
493,mirong,3229824,0.3515948259197957,6,494,179.797,20.0642,179.79692924,20.06412844
494,mirong,20148718,35.725215737364636,39,495,179.8315,65.0207,179.81230454,65.01497664
495,mirong,12643792,46.25892105629046,25,496,179.9079,65.7602,179.90886612,65.77304358
496,mirong,25370559,0.2174568557921136,50,497,179.9456,41.4207,179.94556546,41.42064543
497,mirong,2134415,0.09795334876216816,4,498,179.9486,42.2327,179.94859671,42.2327271
498,mirong,30327506,53.59481880907459,60,499,180.081,61.1628,180.05037707,61.16466879
499,mirong,24845219,108.07010608623017,49,500,180.2414,6.8064,180.2443134,6.83627977
500,mirong,5616847,0.12588332529339244,11,501,180.2711,43.5029,180.27113591,43.50287667
501,mirong,5127222,0.12200167371008719,10,502,180.4388,38.8618,180.43876361,38.86181859
502,mirong,4131628,0.17243752939309162,8,503,180.4416,35.4229,180.44154265,35.4229105
503,mirong,2757673,0.021988963766682423,5,504,180.6433,54.7502,180.64331037,54.75019878
504,mirong,24205257,52.37876685676432,47,505,180.7646,60.522,180.79113923,60.51558878
505,mirong,7497759,0.13901998641624974,14,506,180.8151,3.2889,180.81506135,3.28889847
506,mirong,7987214,0.284256965925338,15,507,180.857,33.1462,180.85695231,33.14613188
507,mirong,3267642,0.06708110231721809,6,508,180.861,12.3143,180.86100706,12.31428269
508,mirong,19015324,0.4641831290255882,37,509,180.9096,58.9866,180.909689,58.98647949
509,mirong,15087162,57.397931576161845,29,510,180.9642,26.468,180.94763226,26.47385275
510,mirong,29530455,0.24854763656034426,58,511,180.9806,58.3294,180.98056479,58.32933348
511,mirong,9024486,0.2627604808961143,17,512,181.0088,33.8799,181.00885683,33.87984431
512,mirong,4769583,0.11848980783123203,9,513,181.0505,11.7654,181.05048551,11.7653703
513,mirong,38041460,17.037497566947163,75,514,181.2647,45.8641,181.26364817,45.85942439
514,mirong,36412743,0.09456062208530837,72,515,181.4598,13.6959,181.45979161,13.69592497
515,mirong,29917728,0.18648012902656394,59,516,181.4703,33.5725,181.47034005,33.57246038
516,mirong,8354236,0.10029454164247902,16,517,181.5233,42.1699,181.52331782,42.16987547
517,mirong,6554696,0.15619801568106276,12,518,181.7645,24.887,181.76447765,24.88696164
518,mirong,28460777,60.453393553909194,56,519,181.8666,25.603,181.87582281,25.58841209
519,mirong,4465460,0.16818062791681068,8,520,181.8863,-1.6387,181.88634551,-1.63871063
520,mirong,3591340,0.06853539079852247,7,521,182.1779,33.0897,182.17790922,33.0897174
521,mirong,379344,57.553117784595145,0,522,182.2867,44.0032,182.2645251,44.00428256
522,mirong,4928062,61.556833830342036,9,523,182.426,32.0497,182.42856005,32.06666091
523,mirong,33671046,75.48417654470686,66,524,182.4285,59.016,182.40142111,59.00034009
524,mirong,12008217,0.17488249708941805,23,525,182.8763,40.7953,182.87627233,40.79534383
525,mirong,22424198,19.419228482175093,44,526,182.8776,25.5485,182.87925373,25.54331623
526,mirong,11163369,0.15614418627373797,22,527,182.9197,44.108,182.91967583,44.10796025
527,mirong,428877,0.09231692366535627,0,528,183.1187,50.2367,183.11866371,50.2367109
528,mirong,21156458,32.73641864692586,41,529,183.1301,66.7377,183.12431757,66.74650212
529,mirong,9908187,0.19052789880578697,19,530,183.1854,-0.9615,183.18543543,-0.96146068
530,mirong,5680428,0.19724521945531057,11,531,183.633,30.2982,183.63293689,30.29820573
531,mirong,5191096,0.0633911123469863,10,532,183.7392,10.2384,183.73921562,10.23840859
532,mirong,14073207,0.04404675467832959,27,533,184.0931,-1.1321,184.09310061,-1.13208778
533,mirong,6069364,0.04753047260816749,12,534,184.1857,68.7298,184.18571783,68.72978849
534,mirong,33769572,22.653058345031898,66,535,184.4095,3.8446,184.40433723,3.84098596
535,mirong,2361507,0.10085474058706645,4,536,184.6063,29.8652,184.60630922,29.86522685
536,mirong,7186389,0.156033553604912,14,537,184.7829,5.2794,184.78287702,5.27936319
537,mirong,3584977,0.18019402273054855,7,538,184.9202,17.8718,184.92015499,17.87177411
538,mirong,32309677,48.02313037442505,64,539,184.9405,-3.24,184.93289,-3.25096461
539,mirong,4772322,0.1064720178457453,9,540,184.9752,5.087,184.97520496,5.08702916
540,mirong,11010663,0.11705036738906469,21,541,185.1645,27.9446,185.16451241,27.94463061
541,mirong,37870238,22.417581760255487,75,542,185.3093,-0.4538,185.30666171,-0.44815937
542,mirong,23597430,0.15531332321628163,46,543,185.3114,10.7605,185.31138909,10.76054179
543,mirong,15764484,56.57701313939579,31,544,185.3414,30.177,185.35167256,30.16403405
544,mirong,40170211,18.799635585727025,79,545,185.6065,26.5421,185.6089453,26.54684186
545,mirong,3116599,0.21401639092816319,6,546,185.9743,54.5558,185.97432577,54.55574246
546,mirong,4122135,0.05991205276927846,8,547,186.0963,16.4528,186.0962887,16.45278737
547,mirong,8361559,31.001795453705153,16,548,186.1008,24.6065,186.10050956,24.59789244
548,mirong,5943441,0.15098857459546103,11,549,186.4097,3.9803,186.40968825,3.98025973
549,mirong,39570131,49.46787902083174,78,550,186.4536,33.5469,186.46624475,33.53808271
550,mirong,33181958,53.83793634693373,65,551,186.4596,51.1462,186.45732835,51.16108695
551,mirong,3606301,0.1549908318877914,7,552,186.6479,45.9923,186.64784158,45.99231436
552,mirong,3970381,0.20885857605193364,7,553,186.7425,7.9122,186.74245743,7.91223985
553,mirong,11797414,0.06441003712442196,23,554,186.7698,28.8923,186.76981444,28.89228734
554,mirong,5993860,0.1416217276102514,11,555,186.8675,19.7132,186.8674921,19.71316137
555,mirong,820653,0.11242492661536779,1,556,187.0994,36.2914,187.09943665,36.29141013
556,mirong,38968334,92.0756050083944,77,557,187.2803,30.85,187.30995079,30.85248807
557,mirong,39357881,33.880354578621045,78,558,187.3172,26.1501,187.32704714,26.15333131
558,mirong,11157951,0.15031629453587755,22,559,187.435,27.8969,187.43501025,27.89694076
559,mirong,36209632,27.371317501707143,71,560,187.4543,61.506,187.45775442,61.49857765
560,mirong,2699609,0.11839005803191195,5,561,187.7908,37.1557,187.79080614,37.15566748
561,mirong,1880816,37.50130652131577,3,562,187.8496,14.3568,187.85395549,14.36632425
562,mirong,20588320,20.414935908537966,40,563,188.1162,11.4697,188.1105459,11.47090562
563,mirong,6901039,0.052159390555722815,13,564,188.3668,65.93,188.36676488,65.93000218
564,mirong,17447883,28.758525029721618,34,565,188.4552,50.4397,188.45276218,50.44753617
565,mirong,4979044,0.20568863038128002,9,566,188.5179,-2.5333,188.51789919,-2.53335713
566,mirong,19144682,37.821387488655375,37,567,188.6001,-1.824,188.59220023,-1.81706953
567,mirong,35191767,40.74377446190095,69,568,188.7736,39.761,188.785151,39.75398305
568,mirong,5858393,0.4222250506759379,11,569,189.1791,50.7203,189.1790598,50.72018551
569,mirong,24178143,44.65334419769614,47,570,189.2882,65.0899,189.27956355,65.10175856
570,mirong,453268,0.17897709066772244,0,571,189.306,25.8778,189.30594696,25.87781394
571,mirong,15347205,48.821687316018114,30,572,189.4057,9.9689,189.41843548,9.97405627
572,mirong,1195840,0.13893863101301956,2,573,189.547,27.0464,189.54699847,27.04636143
573,mirong,1813876,0.3639440891799215,3,574,189.7203,8.2534,189.72030271,8.25329894
574,mirong,24203210,67.40491425388313,47,575,190.2818,-1.3678,190.28844861,-1.38530412
575,mirong,28588236,62.58254342496277,56,576,190.6378,32.2874,190.6567759,32.29409951
576,mirong,325788,0.12931775202931237,0,577,190.7307,25.6244,190.73071666,25.62443263
577,mirong,18041286,28.95715462415195,35,578,190.8349,14.0576,190.84319067,14.05774323
578,mirong,33235907,45.157297737659604,65,579,190.8353,30.5778,190.82543291,30.56857108
579,mirong,6734970,0.028006078165668555,13,580,191.1555,29.7815,191.15549395,29.78149426
580,mirong,2523519,0.21441526616701206,5,581,191.3393,-1.7932,191.33924199,-1.79321362
581,mirong,27446620,65.08727935787344,54,582,191.5722,28.3428,191.56814187,28.32507656
582,mirong,3398318,0.2758145615163182,6,583,191.8453,52.6048,191.8452322,52.60473539
583,mirong,5045867,0.14206248586285683,10,584,192.0401,39.6499,192.04006093,39.64987446
584,mirong,36685297,17.60407462455049,72,585,192.0993,22.2279,192.09503364,22.22501644
585,mirong,6840110,0.1760373794905257,13,586,192.1107,18.07,192.11075137,18.06999752
586,mirong,7721709,0.27570629027845545,15,587,192.4448,37.1299,192.44479389,37.12997643
587,mirong,17021013,0.20005811768344248,33,588,192.4916,8.8921,192.49163718,8.8920583
588,mirong,7500248,0.2333948959022708,14,589,192.7304,-1.9324,192.73034737,-1.9324379
589,mirong,29347659,48.30394242812912,58,590,192.8245,10.652,192.81090112,10.65319415
590,mirong,5636377,28.61519363471929,11,591,193.2192,7.2994,193.21653219,7.30689527
591,mirong,28272386,38.91635169475507,56,592,193.2422,9.0326,193.23571841,9.02388899
592,mirong,38432318,63.71470926784529,76,593,193.4459,3.4418,193.44463152,3.45945318
593,mirong,3960673,0.07448523272213062,7,594,193.4967,65.9854,193.49670388,65.98542063
594,mirong,6763491,0.06708614614213955,13,595,193.5607,10.2683,193.5606834,10.26830897
595,mirong,7194789,0.13972606386013586,14,596,193.7327,38.1149,193.7326607,38.11487654
596,mirong,21339622,69.30072148899364,42,597,193.9154,50.3374,193.93311503,50.32182173
597,mirong,20831813,0.10202218983656683,41,598,194.0748,61.8789,194.07483351,61.87887647
598,mirong,1559107,19.047368895806922,3,599,194.3563,55.6743,194.3507474,55.67856513
599,mirong,9208238,0.06400475518813707,18,600,194.4542,64.0297,194.45423654,64.02969225
600,mirong,20370141,30.18515702415566,40,601,194.5287,5.8882,194.52794786,5.89655132
601,mirong,1133791,0.23679851348255773,2,602,194.5866,61.346,194.58671609,61.34596496
602,mirong,1476748,52.351426700447284,2,603,194.745,50.3728,194.72781856,50.36324142
603,mirong,3279078,0.029902987645180297,6,604,194.8198,55.252,194.81978543,55.25200018
604,mirong,1300967,0.23685492776051797,2,605,195.1366,53.8534,195.13659376,53.85346569
605,mirong,28814176,22.93095922184176,57,606,195.1603,32.6744,195.16419114,32.66893699
606,mirong,3634600,110.20657563521993,7,607,195.3814,21.4635,195.39253468,21.43469463
607,mirong,14257237,0.13510663573700246,28,608,195.417,-2.729,195.41697077,-2.72902358
608,mirong,31467359,20.627517946589077,62,609,195.5647,17.4586,195.57012987,17.45615024
609,mirong,3773415,0.08521285699756634,7,610,195.8733,16.4245,195.87332251,16.4245097
610,mirong,1299591,49.27295523294685,2,611,195.9831,22.0608,195.97112851,22.06881498
611,mirong,39579344,55.40414130393721,78,612,196.0889,11.5285,196.08533008,11.51351276
612,mirong,21925678,41.95113374648907,43,613,196.2081,20.6455,196.21563164,20.63622003
613,mirong,39896678,57.43579918896309,79,614,196.3871,39.8939,196.40776406,39.89211628
614,mirong,39899640,23.004570258179484,79,615,196.4305,9.5637,196.43681947,9.56228556
615,mirong,13233246,89.52357018536227,26,616,197.0649,4.486,197.07329096,4.50941848
616,mirong,402947,0.20066891303734033,0,617,197.2061,13.8577,197.2060555,13.85773522
617,mirong,4044958,46.47588751742002,8,618,197.3031,47.8739,197.31603003,47.88346348
618,mirong,827300,0.2892760296371616,1,619,197.4564,-1.85,197.45641802,-1.85007831
619,mirong,4184807,0.03221566258505009,8,620,197.5949,25.3026,197.59489282,25.30259384
620,mirong,1997090,77.48421483361359,3,621,197.6379,39.9165,197.66451471,39.92332708
621,mirong,6796363,0.1663121206920958,13,622,197.8272,46.584,197.82723363,46.58396
622,mirong,26007431,20.138833924065192,51,623,197.9375,22.0031,197.93146643,22.00311269
623,mirong,15413042,30.912167756808238,30,624,198.2904,43.8365,198.29139948,43.82794361
624,mirong,24102287,56.607476460740116,47,625,198.6825,23.8074,198.68832694,23.79260711
625,mirong,31763296,20.89330493469092,62,626,198.7493,51.2726,198.74093824,51.27008695
626,mirong,16933726,41.21205194799387,33,627,198.7889,7.4605,198.79715727,7.46850126
627,mirong,983600,0.25363425958061464,1,628,199.0644,58.2731,199.06438264,58.27303014
628,mirong,2956014,114.38993158189898,5,629,199.2137,5.9464,199.19228521,5.9699796
629,mirong,14089335,32.14621083646618,27,630,199.7452,57.5018,199.74435494,57.49288205
630,mirong,22392333,37.681580682377486,44,631,199.8782,67.8987,199.89775598,67.89125654
631,mirong,6394868,0.06841532690024542,12,632,199.8822,17.634,199.88218689,17.63401432
632,mirong,4503079,0.18332358225149328,8,633,199.9915,51.5514,199.99150439,51.55145085
633,mirong,27217585,34.34844630776984,53,634,200.0565,7.9078,200.04735033,7.90481626
634,mirong,3992181,0.16509519322123056,7,635,200.2406,45.6443,200.24065164,45.64427172
635,mirong,10299923,26.47351628538653,20,636,200.5074,-0.304,200.50193443,-0.30891997
636,mirong,20454140,30.47657964035443,40,637,200.6017,42.4454,200.59475546,42.43866169
637,mirong,37394142,21.954651948796165,74,638,200.7498,33.0227,200.75707307,33.0227678
638,mirong,78539,0.19924278663151143,0,639,200.9032,-1.9707,200.90314702,-1.97068389
639,mirong,832445,0.0996268857369533,1,640,201.3027,8.0471,201.30272451,8.0471133
640,mirong,15360167,0.0852029762287602,30,641,201.4956,41.2501,201.49558826,41.25007804
641,mirong,1931760,25.696030812275723,3,642,202.0483,62.462,202.03362436,62.45978479
642,mirong,6798970,52.02412428362829,13,643,202.2019,27.8744,202.2170981,27.86907697
643,mirong,4406206,0.2639914746402104,8,644,202.2105,-0.0653,202.21046132,-0.0653623
644,mirong,12092825,0.23721073063581397,23,645,202.2586,23.6857,202.25853565,23.68567052
645,mirong,23340399,0.17314425863153837,46,646,202.3759,34.2329,202.37595075,34.23292351
646,mirong,2682091,0.2010784933884138,5,647,202.8829,-1.9575,202.88292841,-1.9575481
647,mirong,11407998,0.2186023918909464,22,648,203.0526,20.6106,203.05262404,20.6105436
648,mirong,30989013,38.79057959581948,61,649,203.2049,57.3469,203.18709979,57.34201609
649,mirong,26874948,26.89416125396905,53,650,203.3097,39.3879,203.31335047,39.38098269
650,mirong,22038593,19.96709497565235,43,651,203.4821,-1.276,203.48755373,-1.274983
651,mirong,8264420,0.10731998579507,16,652,203.8352,-0.9774,203.83518648,-0.97742657
652,mirong,295717,0.1918262034384809,0,653,204.1398,44.7252,204.13983917,44.72515456
653,mirong,20987025,46.3548631540783,41,654,204.3807,0.5914,204.38795805,0.60203611
654,mirong,8661713,0.23390866301593535,17,655,204.4289,15.8612,204.42887973,15.86113802
655,mirong,6748093,0.21243443896266012,13,656,204.5596,39.0757,204.55963137,39.07575375
656,mirong,9428002,0.14938053926620384,18,657,204.9754,8.7617,204.97538222,8.76173759
657,mirong,10350751,0.1402090824541461,20,658,205.1354,18.7052,205.135386,18.70516338
658,mirong,48435,0.11132784558174658,0,659,205.2277,40.1104,205.22773608,40.11038604
659,mirong,702287,0.10955839056976811,1,660,205.2539,8.9377,205.25392355,8.93768038
660,mirong,12354874,0.13694647156516612,24,661,205.2749,-0.8174,205.2749268,-0.817373
661,mirong,7753108,0.21679225836982483,15,662,205.3019,9.8755,205.30185249,9.87546211
662,mirong,20966481,0.161423397790143,41,663,205.3467,15.2807,205.34665762,15.28068158
663,mirong,28227962,71.73014206228012,55,664,205.5349,35.6543,205.55159085,35.66889827
664,mirong,15283342,25.151977194081493,30,665,205.5589,15.334,205.554361,15.33944538
665,mirong,12998818,23.309148482158644,25,666,205.6417,49.2867,205.63233027,49.28456251
666,mirong,6444402,42.308268533463675,12,667,205.6851,5.5156,205.69515435,5.50943888
667,mirong,29960519,23.620628924475575,59,668,205.6993,13.8466,205.7033128,13.84132081
668,mirong,28185771,23.748870940583544,55,669,205.8751,51.0345,205.86627014,51.03806221
669,mirong,9977328,79.19230127957579,19,670,206.1189,61.5397,206.12021038,61.51771101
670,mirong,19042067,0.03825019887294371,37,671,206.1741,42.9132,206.17410819,42.91320877
671,mirong,6380292,0.19303956168085473,12,672,206.4425,7.0585,206.442462,7.05853812
672,mirong,5874174,0.1228095954644433,11,673,206.6488,3.5134,206.64877667,3.51337507
673,mirong,19991041,17.024750500923926,39,674,206.7157,48.5453,206.71443687,48.54064543
674,mirong,7261089,0.20570349637426547,14,675,206.7791,21.244,206.77910929,21.24394352
675,mirong,380412,0.10484275391028965,0,676,207.2058,15.9839,207.20579189,15.98392806
676,mirong,6813418,0.07300368162231198,13,677,207.5321,12.7826,207.53208037,12.78260669
677,mirong,12975041,0.12171756866566752,25,678,207.9925,55.703,207.99250506,55.70303369
678,mirong,10872915,0.07475192244264442,21,679,208.1366,25.3318,208.13660532,25.3317798
679,mirong,17387960,0.054872985902058545,34,680,208.1372,27.0645,208.13718962,27.06448788
680,mirong,10414860,0.21593689971502944,20,681,208.1724,0.1572,208.17235118,0.15716515
681,mirong,27390866,22.637573846956347,54,682,208.186,-0.2573,208.18342974,-0.26303895
682,mirong,7576910,0.18582647680788697,15,683,208.213,16.2214,208.21297651,16.22144643
683,mirong,2366734,0.1347131355453245,4,684,208.4521,35.5751,208.45209448,35.57513715
684,mirong,1095885,0.0843971930332846,2,685,208.5925,39.0291,208.59250852,39.02912249
685,mirong,20898314,66.90886429675571,41,686,208.7066,58.3879,208.69129966,58.40466733
686,mirong,36492885,36.51627048350804,72,687,208.851,25.2914,208.84338405,25.29884819
687,mirong,21528385,82.35689371029801,42,688,208.9017,16.9868,208.88167625,16.99931596
688,mirong,33103964,33.450597374866554,65,689,209.236,8.914,209.23034531,8.90657506
689,mirong,1617610,0.15329891100135024,3,690,209.2566,32.8407,209.25658239,32.84073993
690,mirong,14362256,79.71419299776377,28,691,209.3622,44.3875,209.34606223,44.36859856
691,mirong,4841709,0.15709431866897,9,692,209.3904,11.8616,209.39044061,11.86158198
692,mirong,8182419,0.15736348044929688,16,693,209.7273,3.8339,209.72725677,3.83390709
693,mirong,6251760,0.041066072959329236,12,694,209.86,25.2613,209.85999211,25.2612911
694,mirong,4944556,0.11408857800523868,9,695,209.8857,30.4452,209.8857275,30.44522103
695,mirong,6615623,74.38818165259667,13,696,210.1708,9.3068,210.14986099,9.30678802
696,mirong,13122539,0.07040477351761851,26,697,210.4079,65.7655,210.40790943,65.76551917
697,mirong,16891273,35.692513112543104,33,698,210.5886,39.3701,210.5797559,39.37728042
698,mirong,26849499,32.6483563014993,53,699,210.6855,15.9991,210.69486775,15.99802395
699,mirong,5183934,0.16517352686686065,10,700,210.8362,39.0887,210.8361749,39.08874154
700,mirong,3259769,58.330099175199756,6,701,210.956,24.8992,210.97019961,24.90903138
701,mirong,3891085,0.09252146765141869,7,702,211.0243,36.0134,211.02431162,36.01342392
702,mirong,37787105,0.22859496979281307,74,703,211.5593,28.3945,211.55928151,28.39443862
703,mirong,9511527,34.318014744810576,18,704,211.7018,6.4763,211.70884817,6.4827676
704,mirong,5414111,83.39507966246597,10,705,211.906,44.482,211.93656726,44.47419347
705,mirong,27483767,23.223715807340387,54,706,211.9727,28.2359,211.97506332,28.24200581
706,mirong,18735851,0.1961813807255521,37,707,212.1866,29.6697,212.18663638,29.66965561
707,mirong,8684320,0.16553847098578958,17,708,212.2997,58.3295,212.29973658,58.32954178
708,mirong,11831757,43.77885462667999,23,709,212.4595,10.9612,212.47188204,10.96086403
709,mirong,8834714,0.06217564496340005,17,710,212.4668,24.7263,212.46680392,24.7262831
710,mirong,6365537,27.123862206730152,12,711,212.6169,14.6445,212.60965237,14.64174391
711,mirong,4202045,0.2238219641975456,8,712,212.6533,26.9069,212.65336588,26.90692035
712,mirong,5402869,0.1256531353995482,10,713,213.0502,48.1215,213.05017402,48.12153029
713,mirong,35831643,34.45123785169959,71,714,213.1496,41.2496,213.13689115,41.25013111
714,mirong,1775791,0.09598272027633378,3,715,213.2991,-0.3994,213.29911689,-0.39937937
715,mirong,1041453,0.12941078799574768,2,716,213.3101,60.2626,213.31004192,60.2625785
716,mirong,36794284,21.493888994893563,72,717,213.3511,53.0908,213.34259312,53.08771042
717,mirong,3743600,25.622500025129458,7,718,213.5633,26.7476,213.56162088,26.75455763
718,mirong,6951631,0.07042873495051165,13,719,213.6266,19.8383,213.62660963,19.83831734
719,mirong,12050812,26.90869123574709,23,720,213.6695,50.6899,213.66761606,50.69727875
720,mirong,6645881,38.628082992189285,13,721,213.8106,12.9889,213.81619179,12.9981437
721,mirong,3749066,0.09721169237247078,7,722,213.9243,12.2085,213.92432355,12.20848588
722,mirong,2604800,43.52305714545142,5,723,213.995,13.3399,213.99704934,13.32797585
723,mirong,24057389,0.29711259915646077,47,724,214.0448,44.8851,214.04472286,44.88503816
724,mirong,2126539,0.12634228944169806,4,725,214.0928,30.253,214.09278778,30.25303347
725,mirong,1949000,0.09774355672649483,3,726,214.0937,26.942,214.0937149,26.94202368
726,mirong,30147540,28.715170801468492,59,727,214.376,-0.2886,214.37664285,-0.29655049
727,mirong,2527994,0.14039544127344036,5,728,214.4794,20.669,214.47941192,20.66896263
728,mirong,27417702,37.84856654473688,54,729,214.5772,32.3015,214.5664134,32.29626525
729,mirong,23214620,44.2087151839298,46,730,214.5916,61.4588,214.61696305,61.46079029
730,mirong,15552780,39.23269721306238,30,731,214.9442,54.3874,214.95065388,54.39762966
731,mirong,5682947,0.2720555490255875,11,732,214.9507,2.7907,214.95076457,2.79066061
732,mirong,28335072,70.08697728147425,56,733,215.5822,35.969,215.56090937,35.95994039
733,mirong,25624046,47.774574304618845,50,734,215.7255,6.1648,215.71217618,6.16400332
734,mirong,8137769,0.2143039976184806,16,735,215.7537,57.1787,215.75379001,57.17873411
735,mirong,1145815,0.12953481898773442,2,736,215.8304,26.8856,215.83039533,26.88556426
736,mirong,22469849,46.58743140233697,44,737,215.967,24.9048,215.978552,24.91239549
737,mirong,13363096,46.70305021308294,26,738,216.0866,62.8213,216.11057542,62.82825704
738,mirong,7536614,57.181629237686785,14,739,216.0956,24.6141,216.11127173,24.62112205
739,mirong,1843646,0.24611559709153294,3,740,216.1171,55.2548,216.11702621,55.2547461
740,mirong,353115,0.1723864592750592,0,741,216.3216,32.6465,216.32154881,32.64652086
741,mirong,35209772,0.06646913854920153,69,742,216.5063,18.8897,216.50628222,18.88969239
742,mirong,5755693,0.135009622714477,11,743,216.6004,18.9378,216.60036194,18.93781051
743,mirong,1002344,0.04041307153756291,1,744,216.6788,-3.1202,216.67880373,-3.12018941
744,mirong,336607,0.2129179426220869,0,745,217.0371,-2.5236,217.0370563,-2.5235601
745,mirong,16718427,34.893124665356915,33,746,217.5669,23.0623,217.57148727,23.05357474
746,mirong,31703872,83.24848086267521,62,747,217.63,52.7072,217.64127653,52.72929274
747,mirong,30282393,64.76809872263183,60,748,217.647,44.6404,217.67055414,44.63386022
748,mirong,949216,0.14962782880787628,1,749,217.9326,51.4927,217.932569,51.49266319
749,mirong,2888110,0.07183570441272466,5,750,217.9365,64.033,217.93651371,64.03298097
750,mirong,4852599,28.39021760707255,9,751,217.9503,5.0412,217.94582125,5.03469714
751,mirong,2594330,0.13132182023983835,5,752,218.3907,32.3184,218.39070438,32.31843629
752,mirong,6761680,0.24607168956400927,13,753,218.7323,23.019,218.73233325,23.01893888
753,mirong,18226008,15.896943784834486,36,754,219.2553,7.5856,219.25935328,7.5837679
754,mirong,22459271,37.26423571662269,44,755,219.5522,-1.517,219.56230871,-1.51475671
755,mirong,18715625,47.16917645550254,37,756,219.7957,22.9065,219.78796458,22.91749588
756,mirong,1677740,0.2562316166908187,3,757,219.848,40.8002,219.84803457,40.80026619
757,mirong,15716645,67.56875092791799,31,758,219.9062,51.6794,219.92799587,51.66637781
758,mirong,9603862,0.1504133222556091,19,759,219.925,27.1975,219.92502435,27.19753573
759,mirong,10401115,62.99386621773459,20,760,219.9777,15.5826,219.972964,15.56570688
760,mirong,1186680,0.1420377604691773,2,761,219.9971,47.5042,219.99714902,47.50417855
761,mirong,2982981,0.1053008867098634,5,762,220.1013,17.9813,220.10132794,17.98128778
762,mirong,25738823,0.1561298184194997,51,763,220.1792,33.1627,220.17924812,33.16268393
763,mirong,8099065,0.16013716963389543,16,764,220.3442,31.8382,220.34421032,31.83824361
764,mirong,12380416,45.885382667888116,24,765,220.5298,43.8102,220.54280728,43.80157798
765,mirong,8953116,36.508596981068045,17,766,220.6149,55.9795,220.62387984,55.98830962
766,mirong,26865799,31.163215377408644,53,767,220.6458,8.821,220.63817203,8.82525642
767,mirong,16406344,0.21269689055751745,32,768,220.6531,32.1965,220.65305177,32.19645728
768,mirong,5284263,0.17241202147354365,10,769,220.8453,37.6708,220.84533009,37.67084155
769,mirong,4445828,0.08727981206777069,8,770,220.9341,59.1779,220.93405927,59.17791234
770,mirong,32846449,0.029135487616035283,65,771,221.0044,3.3347,221.00439674,3.33469259
771,mirong,704987,0.31126725295334956,1,772,221.2777,0.4948,221.2777478,0.49472795
772,mirong,5017553,0.1711567589265582,9,773,221.5006,33.6453,221.50063827,33.64533529
773,mirong,6504095,96.63436034075342,12,774,221.5166,-1.5343,221.53936835,-1.52006938
774,mirong,14824216,111.91267286918128,29,775,221.8215,15.1638,221.8030783,15.18930082
775,mirong,5332463,67.53411572985381,10,776,221.976,28.5567,221.95784229,28.56657826
776,mirong,18515059,54.717816637703606,36,777,221.9934,40.3933,222.00222544,40.37966795
777,mirong,36369861,0.07822280273124196,72,778,222.1209,11.6256,222.12087808,11.62559666
778,mirong,2536488,0.09445123136053477,5,779,222.2456,63.3976,222.24563424,63.39757871
779,mirong,26559509,19.95534372023756,52,780,222.4276,38.153,222.43301356,38.14944988
780,mirong,4428130,60.98299142605269,8,781,222.6898,-1.798,222.70237364,-1.78664164
781,mirong,30929783,32.93655598763066,61,782,222.731,27.5785,222.72165296,27.58238151
782,mirong,6021619,0.10711195179896775,11,783,222.7796,7.0584,222.77961047,7.05842788
783,mirong,641461,0.06380167175958182,1,784,222.8126,49.4175,222.8125968,49.4175176
784,mirong,31908803,44.9536790914911,63,785,222.8432,8.1491,222.83421019,8.14034021
785,mirong,1762364,0.11379227248813029,3,786,222.9741,55.6884,222.97405111,55.68841548
786,mirong,13427956,21.358019482108737,26,787,223.0899,16.3782,223.0862305,16.37342475
787,mirong,39949363,47.95884720528772,79,788,223.4066,9.8258,223.40023621,9.83755398
788,mirong,22117117,40.23400454336745,43,789,224.2472,62.8732,224.26379486,62.88142605
789,mirong,4421861,0.06264777979149683,8,790,224.2832,9.0353,224.28320912,9.03531489
790,mirong,2455010,15.825439822880975,4,791,224.314,25.3666,224.31556697,25.3707617
791,mirong,3534284,36.560049498410315,7,792,224.5815,4.9144,224.57338046,4.92053947
792,mirong,7725986,0.2282787989306419,15,793,224.6867,37.3393,224.68665492,37.33935231
793,mirong,31195984,90.14474191177847,61,794,224.7152,17.8494,224.74067097,17.85566224
794,mirong,37234513,34.369394613128996,73,795,225.0754,-2.0837,225.07827743,-2.07459629
795,mirong,1070086,0.2557559384188998,2,796,225.1465,42.8893,225.14657401,42.8892541
796,mirong,4976450,0.2148360885253128,9,797,225.7816,20.086,225.78157467,20.08605473
797,mirong,12862190,33.80302031290756,25,798,225.95,47.9919,225.94370149,47.98350975
798,mirong,11858738,31.434100039542034,23,799,226.1683,1.1266,226.15979055,1.12463539
799,mirong,26015004,58.84478724422103,51,800,226.4765,2.881,226.47540456,2.89730912
800,mirong,34408672,38.32642241741948,68,801,226.7178,28.3872,226.70573298,28.38639908
801,mirong,22191573,38.03330269228771,43,802,226.8197,36.7217,226.81093326,36.72958935
802,mirong,3899986,36.49352836478338,7,803,227.152,32.5404,227.16342038,32.54357407
803,mirong,506624,0.2073407816025929,1,804,227.1843,26.047,227.18424667,26.04696804
804,mirong,5948404,0.11919152930537853,11,805,227.3963,48.0828,227.39633798,48.08282127
805,mirong,2900886,0.18071353728572934,5,806,227.4078,26.0647,227.40781595,26.06465189
806,mirong,5058048,0.11083697434382367,10,807,227.5223,45.644,227.52232629,45.6440247
807,mirong,6548837,51.708286866328464,12,808,227.664,17.3662,227.64904346,17.36779385
808,mirong,11617021,25.470225632703862,23,809,227.8248,22.2412,227.81718466,22.24059054
809,mirong,1633416,0.045405493100145286,3,810,227.8656,3.0613,227.86561222,3.06130319
810,mirong,18029925,0.07514235352678449,35,811,227.9093,4.8765,227.90930236,4.87652074
811,mirong,29824229,22.956248357399875,59,812,228.0656,2.0547,228.05958808,2.05683684
812,mirong,8098782,0.047254539483386544,16,813,228.2383,28.1604,228.23828631,28.16040516
813,mirong,28038592,55.11931025010701,55,814,228.4407,31.1903,228.42824916,31.17930158
814,mirong,26026199,56.301272578902335,51,815,228.4535,45.8288,228.43687037,45.81829819
815,mirong,24660101,56.90114168362875,48,816,228.8066,55.4179,228.77939975,55.41451503
816,mirong,37773195,68.49213046431966,74,817,229.0007,18.7315,228.99369698,18.7136679
817,mirong,20782564,0.1833018886873638,41,818,229.1569,11.9577,229.15694343,11.95767194
818,mirong,20402211,59.918416839769066,40,819,229.1861,13.9391,229.20322691,13.93994518
819,mirong,38414662,46.83426582560368,76,820,229.2186,39.9037,229.20382754,39.89731138
820,mirong,36781212,24.83195573254951,72,821,229.2367,19.5369,229.2339005,19.54327328
821,mirong,3759840,0.15492456977091754,7,822,229.3948,3.5028,229.39476214,3.50282059
822,mirong,8751992,24.412716696028358,17,823,229.4265,4.8525,229.4220372,4.85761979
823,mirong,1093111,0.20205215312062727,2,824,229.4431,10.8788,229.44313656,10.87875686
824,mirong,207298,0.08750676854505836,0,825,229.4716,16.9719,229.47159685,16.97192412
825,mirong,13595005,0.21073283097628895,26,826,229.8527,20.4513,229.85264027,20.45128284
826,mirong,4667554,54.879447578950284,9,827,229.9533,48.7173,229.9383558,48.70567459
827,mirong,29387432,84.95504959764695,58,828,230.0482,30.7247,230.05627302,30.74725538
828,mirong,24625998,75.62517301720355,48,829,230.1458,55.7158,230.17988195,55.72433226
829,mirong,2703996,0.19679131166931457,5,830,230.2503,55.9535,230.25032405,55.95344702
830,mirong,21894346,0.1913477750419342,43,831,230.4715,48.2046,230.47142342,48.20458516
831,mirong,25728643,44.20105090240314,51,832,230.4939,54.031,230.47304859,54.03187441
832,mirong,20805137,12.146274779725148,41,833,230.4985,3.5598,230.49532702,3.55863611
833,mirong,33012785,3.7531366606323378,65,834,230.5044,44.5874,230.50326879,44.58806171
834,mirong,1667112,0.09187313394370152,3,835,230.6987,27.9608,230.69870653,27.96077514
835,mirong,38316313,40.963526800472835,75,836,230.8118,30.7668,230.81200678,30.75542263
836,mirong,15817268,44.66964260858792,31,837,230.8972,32.4109,230.90541261,32.42119073
837,mirong,186080,0.10403506991170842,0,838,231.0108,5.915,231.01079929,5.91502889
838,mirong,18970943,39.212105067812026,37,839,231.0289,29.8265,231.02615912,29.83712957
839,mirong,961836,0.1491226389647561,1,840,231.1589,53.2496,231.15887653,53.24963897
840,mirong,37462417,24.89467633469008,74,841,231.5635,38.6892,231.55643164,38.69336919
841,mirong,40273951,15.419057201653882,79,842,231.6428,32.4197,231.64011597,32.42333476
842,mirong,3795021,0.03258463858092815,7,843,232.0206,56.1516,232.02060135,56.15160902
843,mirong,13822711,0.08671971365894171,27,844,232.0857,37.487,232.08571707,37.48698008
844,mirong,14839677,28.73778328345371,29,845,232.9643,37.4127,232.95577568,37.40847166
845,mirong,16351989,18.975279256469747,32,846,233.2838,9.1426,233.28751008,9.14639018
846,mirong,31419782,40.14305151271201,62,847,233.2918,27.489,233.294594,27.47812813
847,mirong,13156572,0.313509086806889,26,848,233.3431,21.8621,233.34315179,21.86217262
848,mirong,18007181,0.12205437212330951,35,849,233.3923,31.1839,233.39228648,31.18386813
849,mirong,21029879,53.88493793643903,41,850,233.4357,4.8648,233.42068403,4.86522962
850,mirong,5934160,0.22858324879926267,11,851,233.4887,-0.8103,233.48865025,-0.81033946
851,mirong,22485406,28.560328493787438,44,852,233.7595,34.9273,233.75386866,34.92084859
852,mirong,32551718,16.34385223354927,64,853,233.871,39.3796,233.87312073,39.37536633
853,mirong,28181337,58.21342255794317,55,854,234.2971,58.239,234.26653472,58.23738189
854,mirong,9161928,17.248965138346495,18,855,234.5683,23.9054,234.57336554,23.90417078
855,mirong,11590828,85.68843606504954,22,856,235.1221,0.9104,235.12768396,0.88726175
856,mirong,1740871,0.10980348845048692,3,857,235.4184,30.5057,235.41841991,30.50572522
857,mirong,38924065,59.9655099000306,77,858,235.4588,14.2438,235.44391943,14.23546784
858,mirong,10410438,0.07028923297254897,20,859,235.4898,23.4192,235.48981058,23.41921694
859,mirong,787900,0.11997516623578347,1,860,235.4943,7.3101,235.49433318,7.31009475
860,mirong,29379642,72.927636071035,58,861,235.5371,4.2264,235.53028486,4.24548352
861,mirong,13678939,27.867262307630327,27,862,235.7594,24.4557,235.75225102,24.45989218
862,mirong,6080179,64.74111965816029,12,863,236.018,27.8933,236.02583732,27.90989634
863,mirong,2056656,58.738881688640134,4,864,236.3735,25.1911,236.39147863,25.18985546
864,mirong,3823974,0.1555728133565469,7,865,236.4311,53.5073,236.43116758,53.50728412
865,mirong,3692499,51.37710244798878,7,866,236.8522,0.3275,236.8410653,0.33642726
866,mirong,23644960,28.374454058833972,46,867,237.0654,14.8925,237.0617125,14.89953019
867,mirong,1283167,0.02784655358773816,2,868,237.1349,-1.1366,237.13489867,-1.13660762
868,mirong,26093144,34.645440523823794,51,869,237.1794,22.1368,237.17009855,22.1325126
869,mirong,288905,0.12777065444224342,0,870,237.48,33.4644,237.47998619,33.46443357
870,mirong,9230631,0.12424319323289348,18,871,237.5718,41.6506,237.5718198,41.65063118
871,mirong,3195160,0.27414560974191177,6,872,237.6848,23.7809,237.68482013,23.78082611
872,mirong,1965307,45.24998686343055,3,873,237.6914,53.5093,237.71057762,53.51458564
873,mirong,2563431,19.26313170727708,5,874,237.9226,35.2208,237.92579219,35.22547242
874,mirong,850743,0.04839028201076293,1,875,237.9381,21.3529,237.93810968,21.35290997
875,mirong,25970058,68.67462930363305,51,876,238.097,32.582,238.0783686,32.59283831
876,mirong,21789368,37.88016139037834,43,877,238.2429,27.6246,238.24188957,27.61411589
877,mirong,25059929,0.11723785596997695,49,878,238.3367,17.9076,238.33669724,17.90763246
878,mirong,8773409,0.2122844571588694,17,879,238.5327,17.2081,238.53265446,17.20813981
879,mirong,26059307,42.84205462630194,51,880,238.6553,52.924,238.67496008,52.92293359
880,mirong,32517230,0.14728124086616828,64,881,238.66,16.6105,238.65998681,16.61046109
881,mirong,406273,0.2138917373976626,0,882,238.6677,36.4978,238.66776498,36.49777169
882,mirong,56736,0.20408927443433159,0,883,238.9003,11.7902,238.90027736,11.79014782
883,mirong,13672826,56.62265478674835,27,884,238.9165,21.3349,238.90103024,21.32859601
884,mirong,3065882,0.08441523743249583,6,885,239.0426,27.1777,239.04257566,27.177691
885,mirong,7304140,0.17980306507666158,14,886,239.168,45.2273,239.16801767,45.22734837
886,mirong,32666056,47.15516028524426,64,887,239.4314,27.4647,239.44360251,27.4720725
887,mirong,3127822,0.07706750210891394,6,888,239.478,53.1842,239.4780162,53.18418092
888,mirong,7091825,96.09183823612702,14,889,239.8588,52.2098,239.83920094,52.23363937
889,mirong,497100,0.20989802088953588,0,890,240.0094,13.0272,240.00937016,13.02714946
890,mirong,5789,20.24963919471203,0,891,240.1203,33.0014,240.1253506,32.997699
891,mirong,9958869,0.11641492212882276,19,892,240.1371,5.4358,240.13707271,5.43578246
892,mirong,6836535,0.09797235256739081,13,893,240.2178,46.2119,240.21778588,46.2119254
893,mirong,3732842,32.162691206258614,7,894,240.2953,43.1939,240.29427762,43.18499707
894,mirong,36753318,68.06768706960672,72,895,240.6581,41.2934,240.6725074,41.30890326
895,mirong,3970286,0.05327214744419298,7,896,240.9146,50.1654,240.91458483,50.16538884
896,mirong,34100277,59.02309571201547,67,897,240.9247,11.0969,240.93930726,11.10485888
897,mirong,39168203,20.86757986851811,77,898,241.2715,45.443,241.26434383,45.44010358
898,mirong,26228133,31.002283539780557,52,899,241.2895,16.6184,241.28702046,16.61012252
899,mirong,30522288,23.81274071727366,60,900,241.4958,5.2133,241.50084373,5.20899602
900,mirong,2594745,0.15104701977869456,5,901,241.5166,6.8582,241.51662981,6.85822974
901,mirong,32708985,70.56395793969584,64,902,241.7126,22.027,241.69452507,22.03717219
902,mirong,8128115,0.22429482033839776,16,903,241.8605,23.6742,241.86043391,23.67421477
903,mirong,1299994,0.17645960244813497,2,904,242.2862,3.9519,242.28617847,3.95185594
904,mirong,14666114,0.13674090870277103,29,905,242.5741,5.1379,242.57411327,5.13786439
905,mirong,969247,0.0610950928135187,1,906,242.6724,52.6176,242.67241447,52.61761452
906,mirong,478106,0.14658679538652747,0,907,242.6951,52.4684,242.69510137,52.46835929
907,mirong,8697636,0.1624820967564134,17,908,242.8256,15.5077,242.82562082,15.50765957
908,mirong,10511630,0.14350785666735033,20,909,243.0815,46.4952,243.08153125,46.49516644
909,mirong,37022196,51.549689145469245,73,910,243.1124,24.1395,243.09681801,24.14118992
910,mirong,6705276,31.005048790822777,13,911,243.1801,12.7515,243.17158328,12.74922535
911,mirong,3173728,0.08968470676799473,6,912,243.2424,14.2715,243.24238903,14.27152253
912,mirong,34858781,145.1939597724714,69,913,243.6832,16.957,243.6836247,16.99732961
913,mirong,5735152,30.81731937317523,11,914,243.7273,26.325,243.71807043,26.32279864
914,mirong,4880540,17.238352200091995,9,915,243.9217,47.1866,243.92085613,47.18184604
915,mirong,6709642,48.26502238087089,13,916,244.1426,32.7737,244.15724081,32.76839002
916,mirong,10363090,0.15215024224936657,20,917,244.2125,35.8688,244.21247296,35.86883614
917,mirong,32022683,16.19701584817405,63,918,244.2764,41.1131,244.27363733,41.11708879
918,mirong,36801374,66.24558779532629,72,919,244.384,-0.2838,244.38043061,-0.26574794
919,mirong,25035695,43.274308129253974,49,920,244.8072,50.3085,244.82521788,50.30502569
920,mirong,29589679,83.73327672088558,58,921,244.9595,26.2249,244.9850036,26.22909393
921,mirong,28884373,0.2921119033963196,57,922,245.0684,26.9781,245.06840384,26.97818107
922,mirong,38049855,0.11755239886425281,75,923,245.1458,24.124,245.14581052,24.12403121
923,mirong,88273,0.06490452831102696,0,924,245.2825,39.1681,245.28252325,39.16809965
924,mirong,30938606,17.425769930488276,61,925,245.4177,39.0181,245.42359139,39.01652576
925,mirong,30414340,26.48231780033387,60,926,246.7018,14.3107,246.69860533,14.3173732
926,mirong,3749363,0.1475025167875944,7,927,247.0419,48.1799,247.04184153,48.1799126
927,mirong,852518,0.06630358002572784,1,928,247.4087,36.4145,247.40871913,36.41451011
928,mirong,14241880,104.31895664295334,28,929,247.4149,24.1489,247.42146706,24.12054901
929,mirong,17759128,72.60537201408879,35,930,248.1952,44.2718,248.18552023,44.29074018
930,mirong,18073273,24.183000772585995,35,931,248.4996,18.9729,248.50160495,18.97934438
931,mirong,7846237,72.01649319545368,15,932,248.5143,32.1687,248.5335053,32.1570441
932,mirong,3073389,85.39085290060834,6,933,248.5695,-0.6758,248.54604156,-0.67227849
933,mirong,34852886,43.43643493405744,69,934,248.7782,34.9812,248.76360156,34.97961566
934,mirong,10618997,30.64950346825822,21,935,249.2138,39.502,249.21450128,39.51049654
935,mirong,16423541,0.26301399247311785,32,936,249.9167,13.7273,249.91662887,13.72727627
936,mirong,871053,0.16799146717978897,1,937,250.4539,34.3982,250.45395363,34.39821481
937,mirong,6443924,36.701605559511094,12,938,250.4871,43.4244,250.49973541,43.42884151
938,mirong,16075300,47.96419960385631,31,939,250.5268,19.4827,250.51705616,19.4730498
939,mirong,29043834,107.24240209749411,57,940,250.5603,40.8581,250.59188498,40.87590167
940,mirong,7194273,44.7838483409779,14,941,250.6595,44.3921,250.66716913,44.38093241
941,mirong,13582137,26.101598044657514,26,942,251.7014,16.8261,251.69614649,16.8313233
942,mirong,1944980,0.1672548148024659,3,943,251.9766,38.7283,251.97658234,38.72834437
943,mirong,8232982,0.12797918693808413,16,944,252.0711,21.685,252.07112375,21.68497213
944,mirong,5206799,0.16563956566355711,10,945,252.5542,42.2417,252.5541775,42.24165711
945,mirong,1668779,0.12464594386461858,3,946,253.0891,34.2783,253.08907517,34.27827211
946,mirong,2530487,0.08312976201356125,5,947,253.7696,21.8443,253.76957868,21.8443119
947,mirong,4557342,0.12634822791082861,9,948,254.2794,23.7789,254.2794204,23.77887028
948,mirong,20856305,0.16031635137309197,41,949,254.3609,24.7326,254.36088501,24.7325576
949,mirong,708874,0.07442398750313967,1,950,254.3617,23.7578,254.36171109,23.75781801
950,mirong,1012262,0.2580840011991902,2,951,254.7912,40.4177,254.79122713,40.41763135
951,mirong,38148422,59.13707884130876,75,952,254.8403,62.7766,254.81332133,62.78744361
952,mirong,27272745,45.6094140062853,54,953,254.8444,20.8299,254.84064293,20.81772712
953,mirong,18933500,17.06399463498359,37,954,255.9409,36.6815,255.93850834,36.68583462
954,mirong,14377198,71.39224047842004,28,955,256.9307,30.9384,256.95281767,30.94417987
955,mirong,21759328,0.149561558260551,43,956,257.0442,35.575,257.04415039,35.57500989
956,mirong,38161226,61.61450783880214,75,957,260.022,53.9508,260.04943803,53.95647863
957,mirong,10907311,17.133848739353922,21,958,260.847,26.8477,260.85140823,26.85038016
958,mirong,12289942,63.339845042123095,24,959,264.5388,58.7149,264.56436254,58.72645023
959,mirong,3092884,0.16826926833615358,6,960,309.5651,-6.7313,309.56505339,-6.73130649
960,mirong,36151948,14.257402060989152,71,961,309.9331,-6.3331,309.93105479,-6.33649893
961,mirong,6181395,49.5498866801037,12,962,312.2812,1.1441,312.26918348,1.15081602
962,mirong,13307924,0.27430784737133446,26,963,312.4176,0.6744,312.41753292,0.67436385
963,mirong,2904603,0.13470964702186403,5,964,313.2562,0.3358,313.25617574,0.33577151
964,mirong,21185571,0.2272155204067714,42,965,313.8474,-5.1054,313.84738303,-5.10533919
965,mirong,18921252,43.341667983484186,37,966,316.6713,-7.917,316.68033529,-7.90894663
966,mirong,5094080,0.16595218076396104,10,967,317.6911,-2.6532,317.69108244,-2.65324263
967,mirong,31007230,20.771189393248967,61,968,318.1933,-2.5864,318.18921661,-2.59048047
968,mirong,1354512,0.16081153050752806,2,969,318.8746,-0.1853,318.87455535,-0.18529866
969,mirong,24924883,30.035529400921604,49,970,319.0135,-1.1412,319.0203756,-1.145928
970,mirong,4687354,0.21127749889400532,9,971,319.0496,-6.4751,319.0495456,-6.47512286
971,mirong,9943107,96.52261306379548,19,972,319.0823,-5.9342,319.09948278,-5.95485898
972,mirong,17384555,62.4826167438221,34,973,322.4773,10.2677,322.48179353,10.2509164
973,mirong,15273607,0.2730606875241307,30,974,323.014,-6.8678,323.01394194,-6.8678493
974,mirong,16896353,18.737855316328847,33,975,323.7464,-1.1466,323.74546755,-1.14147921
975,mirong,32594868,44.353743451144204,64,976,324.9366,11.8519,324.93756489,11.83961576
976,mirong,25267,0.16099201634645377,0,977,325.4288,-8.9507,325.42877001,-8.9506665
977,mirong,8075056,0.0373390750507356,16,978,326.5162,10.6913,326.51619167,10.69129363
978,mirong,1415264,62.05122733929961,2,979,326.653,-6.6294,326.66689266,-6.61907248
979,mirong,1141394,0.23900008924667812,2,980,327.7322,-1.1151,327.73222552,-1.11503871
980,mirong,20232380,96.89715999760895,40,981,329.2019,0.6863,329.21717428,0.66413712
981,mirong,36609717,4.49279213283481,72,982,329.8554,11.7185,329.85626153,11.71941972
982,mirong,30953534,4.795898039697166,61,983,330.9154,10.3465,330.91580162,10.34777226
983,mirong,238000,0.21052509833503205,0,984,330.9552,11.4092,330.95514706,11.40917304
984,mirong,10057129,0.14095955390185094,19,985,331.726,-8.1964,331.72597513,-8.19643045
985,mirong,13836967,0.14387564361776242,27,986,332.5854,8.0878,332.58538113,8.08776467
986,mirong,6184321,0.1247472387264085,12,987,332.8915,12.7238,332.89153533,12.72379638
987,mirong,26667952,73.44447889009459,52,988,333.9234,-1.1225,333.90482376,-1.11405811
988,mirong,11811282,0.11609995009776991,23,989,334.0204,-7.8989,334.02040542,-7.8988682
989,mirong,35950186,29.335248040626816,71,990,334.3996,-8.3451,334.39570594,-8.33791972
990,mirong,5615162,0.06199030281518527,11,991,334.9176,8.8026,334.91758374,8.80260619
991,mirong,2083253,0.1817160806960902,4,992,336.0674,12.6874,336.06743334,12.6874386
992,mirong,1040899,0.06576225350883298,2,993,337.118,-0.4563,337.11798841,-0.45628588
993,mirong,28920529,40.86797230800842,57,994,337.2807,28.2977,337.29157304,28.29159981
994,mirong,37016183,65.55339279485938,73,995,337.2897,0.2471,337.28625078,0.22922038
995,mirong,16794719,0.1933437942071744,33,996,338.6848,12.9716,338.68479174,12.9715469
996,mirong,11450098,29.972018371696866,22,997,341.3378,17.1596,341.33118072,17.15418587
997,mirong,27635952,38.26511356049736,54,998,341.8758,0.0018,341.86522468,0.00286886
998,mirong,13362729,32.99990518894064,26,999,342.8298,-8.6757,342.83905195,-8.67631359
999,mirong,28585209,90.3389553060217,56,1000,343.4469,19.051,343.45848534,19.07357904
1000,mirong,6375997,0.0782367990328133,12,1001,343.476,14.0769,343.47598763,14.07691812
1001,mirong,31280060,43.078060887763094,62,1002,346.3408,14.2339,346.33952708,14.24580235
1002,mirong,143050,0.2693525915486814,0,1003,346.822,24.4688,346.82201199,24.46887402
1003,mirong,24968090,37.09803049207796,49,1004,347.3344,0.7565,347.32803201,0.76460241
1004,mirong,21807393,29.58487409916591,43,1005,347.7308,22.3357,347.7240581,22.33034783
1005,mirong,1155970,0.0920549753942993,2,1006,347.7581,23.3778,347.75807278,23.37780544
1006,mirong,104987,0.18774865626510737,0,1007,348.0563,14.6815,348.05632262,14.68154734
1007,mirong,1593248,0.1802603045668764,3,1008,348.0949,13.5941,348.09491511,13.59414787
1008,mirong,23107390,35.31066406583565,45,1009,350.1946,21.0626,350.19191724,21.07208366
1009,mirong,1381592,0.22006673179331632,2,1010,351.2177,15.7142,351.21776098,15.71418294
1010,mirong,23802012,50.37176468350295,47,1011,351.8909,33.63,351.89149031,33.61601648
1011,mirong,1056834,0.18185349788635194,2,1012,352.742,-10.017,352.74199456,-10.01705023
1012,mirong,2247876,57.82440011626255,4,1013,353.1876,-0.9794,353.20106763,-0.97064363
1013,mirong,6264774,21.87475613659227,12,1014,353.7253,14.9536,353.73021519,14.94980912
1014,mirong,7982295,64.14140001849347,15,1015,353.8169,-8.9566,353.83451157,-8.96044723
1015,mirong,3215968,0.1424497629324029,6,1016,353.8228,1.0725,353.82277092,1.07252684
1016,mirong,19828817,21.5397549836314,39,1017,354.3609,10.3044,354.36470871,10.3090645
1017,mirong,32209562,35.11823639488182,63,1018,355.2267,-10.7895,355.23654205,-10.79080014
1018,mirong,3557470,33.57833499522664,7,1019,356.1931,9.094,356.19257521,9.10331291
1019,mirong,34668365,14.925192114865878,68,1020,357.9949,-10.8998,357.99151124,-10.90227293
1020,mirong,3099550,0.14524549685911511,6,1021,358.3634,0.1234,358.3634402,0.12339657
1021,mirong,11796130,0.06021381227669657,23,1022,358.4544,5.551,358.4544119,5.55101181
1022,mirong,15751513,0.16421857148677188,31,1023,358.5092,27.391,358.50923148,27.39103605
1023,mirong,20223526,0.11592345767935049,40,1024,358.6794,-0.1584,358.67941112,-0.15843022
1024,mirong,26860360,0.1690317036182983,53,1025,358.8767,-0.0907,358.87667885,-0.09065808
1025,mirong,16106884,0.11712514108528618,31,1026,359.821,2.2556,359.82103213,2.25559473
1026,sjoerts_flares,38466660,31.873504564229766,76,AT2019dsg,314.2623926,14.2044063,314.26469952,14.21297296
1027,sjoerts_flares,34304484,6.61348403896911,68,AT2019fdr,257.278578935,26.8556946632,257.28,26.85436518
1028,sjoerts_flares,231480,42.42307060804254,0,AT2019aalc,231.069435,4.855293,231.05997713,4.848218
1029,sjoerts_flares,23255163,46.68859191471389,46,AT2018dyk,233.2833955,44.5356122,233.27355895,44.54652286
1030,sjoerts_flares,6087957,0.014647070908181414,12,AT2019aame,215.05181852857,31.89418265,215.05181383,31.89418185
1031,sjoerts_flares,15464966,0.14898979632815484,30,AT2018lzs,268.23322858889,58.636442851111,268.23314927,58.63643993
1032,sjoerts_flares,1141394,0.1029208356248121,2,AT2021aetz,327.73224064333,-1.1150629733333,327.73222552,-1.11503871
1033,sjoerts_flares,19278589,0.17468774317555397,38,AT2018ige,118.6380507,9.4941259,118.6380536,9.49417434
1034,sjoerts_flares,14373537,0.09095466070154576,28,AT2021aeud,105.2337905077,36.980955474157,105.23381973,36.98094581
1035,sjoerts_flares,15341275,0.07161053503211362,30,AT2018iql,74.579667,-7.767961,74.57967622,-7.76794333
1036,sjoerts_flares,15522031,0.06622732646148513,30,AT2018jut,208.534625,13.03225,208.53463751,13.03226378
1037,sjoerts_flares,3488461,0.20936145591899682,6,AT2021aeue,35.793206212879,-9.5400954878788,35.79314733,-9.5400923
1038,sjoerts_flares,11463852,0.09518039166326217,22,AT2019aamf,134.25614917831,33.914988704819,134.25611868,33.91499635
1039,sjoerts_flares,2420927,0.1134415155861648,4,AT2018kox,70.793375,-4.303081,70.79339814,-4.30305954
1040,sjoerts_flares,2086589,0.47773901312796113,4,AT2018lhv,196.3538001,21.9544627,196.35366046,21.95443377
1041,sjoerts_flares,30702678,26.80807648466637,60,AT2019avd,125.9031975,4.3840166,125.91066604,4.38401658
1042,sjoerts_flares,9424981,0.5494827513068735,18,AT2016eix,244.71643899167,63.173373975,244.71611242,63.17333427
1043,sjoerts_flares,24083756,0.12039399079920171,47,AT2019aamg,272.05400271455,50.786732761818,272.05396434,50.78675578
1044,sjoerts_flares,2998993,0.2399332523417761,5,AT2018lcp,117.7084162,1.3583501,117.70845805,1.35840198
1045,sjoerts_flares,4401341,0.094276702588432,8,AT2021aeuf,191.02845135515,47.445135053608,191.02848988,47.44513241
1046,sjoerts_flares,18343224,0.024972387220697462,36,AT2020aezy,213.33463725356,44.316804258983,213.33464662,44.31680605
1047,sjoerts_flares,8266067,0.6919316294058689,16,AT2019cle,267.7546372,14.9183971,267.75476412,14.91854509
1048,sjoerts_flares,17586194,71.54612323184425,34,AT2019aamh,333.26923371739,23.562021663043,333.2773549,23.54359477
1049,sjoerts_flares,8392916,0.271831726135302,16,AT2019dll,175.347926,21.9368582,175.34786483,21.93680838
1050,sjoerts_flares,12387983,0.11264744054505023,24,AT2019gur,343.7032652,77.3529674,343.70317624,77.35299189
1051,sjoerts_flares,2210035,0.8760146813739137,4,AT2018lof,135.2537131,35.6355391,135.25364077,35.63577523
1052,sjoerts_flares,68826,82.35104490281832,0,AT2019dqv,160.87525,51.35805,160.8387684,51.35598076
1053,sjoerts_flares,196375,0.06709356284233346,0,AT2019cyq,149.02525,19.549039,149.02526897,19.54904427
1054,sjoerts_flares,165452,0.0903211700192643,0,AT2021aeug,237.56699244486,39.236414993416,237.56702156,39.23642599
1055,sjoerts_flares,4055903,0.4973538201500789,8,AT2019ihv,16.9496725,24.480088,16.94969012,24.48022522
1056,sjoerts_flares,18332615,1.4264757508088644,36,AT2019dzh,187.82527,23.7071466667,187.82545356,23.7075055
1057,sjoerts_flares,19127706,0.03406887094522208,37,AT2019kqu,248.061875,33.570211,248.06186481,33.57021518
1058,sjoerts_flares,34932017,0.25763019101023565,69,AT2019hbh,278.3309038,34.6842225,278.33094909,34.68428361
1059,sjoerts_flares,5710955,0.09342027004040955,11,AT2020aezz,267.06519334794,55.236975069118,267.06516531,55.23699551
1060,sjoerts_flares,16628026,0.3475436381224726,32,AT2020afaa,209.67039922909,24.71194886,209.67029334,24.71195705
1061,sjoerts_flares,30647158,22.30247201195142,60,AT2019idm,208.19525,20.412181,208.20072466,20.40870926
1062,sjoerts_flares,26710066,44.257282457330675,52,AT2019ihu,358.7379227,0.7055425,358.74873392,0.69968845
1063,sjoerts_flares,25691767,177.04845252121373,50,AT2019meh,321.822708,64.416439,321.93458719,64.40728404
1064,sjoerts_flares,24621902,64.99075649633532,48,AT2020afab,43.334078280723,44.301516142169,43.32543669,44.28455588
1065,sjoerts_flares,1561559,0.09272796586196926,3,AT2019aami,8.9311081787879,47.259254684848,8.93110448,47.25928032
1066,sjoerts_flares,12537388,0.18675565631184377,24,AT2019nna,357.16028686667,19.262801883333,357.16034178,19.26279991
1067,sjoerts_flares,20844385,21.496439476375063,41,AT2019nni,328.3271920875,-19.22732225,328.32390853,-19.22221903
1068,sjoerts_flares,611190,28.080344462380907,1,AT2021aeuk,243.2493432567,42.327846606646,243.24344697,42.33431509
1069,sjoerts_flares,21820680,44.42008061491924,43,AT2019hdy,142.46175,19.493011,142.46851903,19.50357195
1070,sjoerts_flares,29650407,67.68770122927252,58,AT2019pev,67.344667,0.61875,67.34083433,0.60034259
1071,sjoerts_flares,1946162,39.56073103007905,3,AT2013kp,71.657816604,-10.2263196282,71.64840038,-10.2322265
1072,sjoerts_flares,5323295,0.02426228169992776,10,AT2019brs,216.943333,29.510631,216.94332568,29.5106288
1073,sjoerts_flares,6904535,0.0964783996152508,13,AT2020afac,268.41739414113,55.857535508871,268.4174406,55.85752932
1074,sjoerts_flares,5964053,0.06807975151543336,11,AT2019wrd,355.981458,31.37715,355.98144526,31.37713453
1075,sjoerts_flares,28336841,23.22906200880358,56,AT2021aeuh,181.09223503636,-1.3675808818182,181.08622795,-1.36522071
1076,sjoerts_flares,6388044,0.08458821504902121,12,AT2019msq,4.184,6.380089,4.18398114,6.38010317
1077,sjoerts_flares,332879,0.06597908856642797,0,AT2019qpt,120.357375,24.929439,120.3573855,24.92945466
1078,sjoerts_flares,17191010,47.93717173725896,34,AT2020afad,103.82530708169,58.98469348169,103.8439909,58.97549534
1079,sjoerts_flares,4005919,0.10822945052666375,7,AT2019mss,207.102417,8.5287,207.10238856,8.52871062
1080,sjoerts_flares,28360986,63.37496241066172,56,AT2019thh,336.993542,18.322069,336.98143268,18.3354021
1081,sjoerts_flares,17819720,63.81004926626714,35,AT2021aeui,120.08321057647,75.823081435294,120.02793663,75.8116461
1082,sjoerts_flares,25005389,119.33011076975951,49,AT2020afae,76.233087689655,9.1541800310345,76.23820988,9.12142083
1083,sjoerts_flares,38885886,4.306923626540501,77,AT2020mw,122.696982646,11.5211300373,122.69588723,11.52060162
1084,sjoerts_flares,8903166,0.07242114565258609,17,AT2020iq,43.832167,-11.413511,43.83217296,-11.41349175
1085,sjoerts_flares,4800242,0.9853904154475805,9,AT2019xgg,162.2842408,37.2211007,162.28393623,37.22122759
1086,sjoerts_flares,2473149,0.06050910518498473,4,AT2020atq,102.3235381,62.5134005,102.32351427,62.51338779
1087,sjoerts_flares,11784021,0.032101213512286335,23,AT2021aeuj,137.10720435307,42.894801906579,137.10719813,42.89480957
1088,sjoerts_flares,1597506,0.020425854765210305,3,AT2020hle,166.9286271,74.63393225,166.92864258,74.63392833
